Time,Altitude,Pressure,Velocity,Temperature,Events,Voltages
0,1.94E-05,991.3,0,91.22, -,9.023726
0.05,8.33699,991,7.952381,91.22, -,9.023726
0.1,19.45726,990.6,18.52381,91.22, -,9.023726
0.15,25.01706,990.4,23.80952,91.22, -,9.023726
0.2,33.36187,990.1,31.76191,91.22, -,9.023726
0.25,47.27216,989.6,45,91.22, -,9.023726
0.3,55.62072,989.3,52.95238,91.22, -,9.023726
0.35,61.18814,989.1,58.23809,91.22, -,9.023726
0.4,72.32401,988.7,68.85714,91.22, -,9.023726
0.45,86.25025,988.2,82.14286,91.22, -,9.023726
0.5,94.6084,987.9,90.09524,91.22, -,9.023726
0.55,111.3326,987.3,106,91.04, -,9.004278
0.6,125.2748,986.8,119.2857,91.04, -,9.004278
0.65,139.2227,986.3,132.5714,91.04, -,9.004278
0.7,158.7598,985.6,151.1905,91.04, -,9.004278
0.75,181.101,984.8,172.4762,91.04, -,9.004278
0.8,195.0719,984.3,185.7619,91.04, -,9.004278
0.85,206.2517,983.9,196.4286,91.04, -,9.004278
0.9,217.4369,983.5,207.0952,91.04, -,9.004278
0.95,234.22,982.9,223.0952,91.04, -,9.004278
1,248.2127,982.4,236.4286,91.04, -,9.004278
1.05,265.0127,981.8,252.4286,91.04, -,9.004278
1.1,279.0181,981.3,257.8095,91.04, -,9.004278
1.15,290.2256,980.9,257.9048,91.04, -,9.004278
1.2,301.4385,980.5,263.2857,91.04, -,9.004278
1.25,315.459,980,268.6667,91.04, -,9.004278
1.3,329.4853,979.5,268.8095,91.04, -,9.004278
1.35,346.3239,978.9,276.9048,91.04, -,9.004278
1.4,363.1724,978.3,287.6667,91.04, -,9.004278
1.45,374.4078,977.9,287.7619,91.04, -,9.004278
1.5,399.7039,977,298.5714,91.22, -,9.023726
1.55,419.3915,976.3,309.381,91.22, -,9.023726
1.6,436.2747,975.7,309.5714,91.22, -,9.023726
1.65,455.9835,975,315.0476,91.22, -,9.023726
1.7,472.8849,974.4,317.8571,91.22, -,9.023726
1.75,492.6151,973.7,318.0476,91.22, -,9.023726
1.8,509.5365,973.1,312.8571,91.22, -,9.023726
1.85,532.1099,972.3,321.0476,91.22, -,9.023726
1.9,551.8745,971.6,329.1905,91.22, -,9.023726
1.95,577.3017,970.7,342.7619,91.22, -,9.023726
2,599.9202,969.9,348.2857,91.22, -,9.023726
2.05,622.5556,969.1,356.5238,91.22, -,9.023726
2.1,648.0359,968.2,364.8095,91.22, -,9.023726
2.15,673.5371,967.3,375.7619,91.22, -,9.023726
2.2,690.5474,966.7,381.2857,91.22, -,9.023726
2.25,710.4048,966,389.5238,91.22, -,9.023726
2.3,730.2737,965.3,395.0952,91.22, -,9.023726
2.35,755.8353,964.4,406.0476,91.22, -,9.023726
2.4,775.731,963.7,408.9524,91.22, -,9.023726
2.45,801.3286,962.8,417.2857,91.22, -,9.023726
2.5,826.9439,961.9,430.9524,91.22, -,9.023726
2.55,849.7316,961.1,428.5714,91.04, -,9.023726
2.6,872.533,960.3,431.5238,91.04, -,9.023726
2.65,895.3498,959.5,437.1429,91.04, -,9.023726
2.7,918.1819,958.7,440.1429,91.04, -,9.023726
2.75,943.8877,957.8,448.5238,91.04, -,9.023726
2.8,969.6112,956.9,454.1905,91.04, -,9.023726
2.85,998.2171,955.9,465.3333,91.04, -,9.023726
2.9,1023.984,955,468.381,91.04, -,9.023726
2.95,1052.636,954,476.8571,91.04, -,9.023726
3,1075.574,953.2,474.4762,91.04, -,9.023726
3.05,1095.659,952.5,472.0952,91.04, -,9.023726
3.1,1112.883,951.9,466.9048,91.04, -,9.023726
3.15,1135.865,951.1,464.5238,91.04, -,9.023726
3.2,1161.735,950.2,464.8571,91.04, -,9.023726
3.25,1187.627,949.3,473.3333,91.04, -,9.023726
3.3,1210.658,948.5,476.381,91.04, -,9.023726
3.35,1236.587,947.6,482.1905,91.04, -,9.023726
3.4,1259.651,946.8,479.8095,91.04, -,9.023726
3.45,1274.075,946.3,474.5714,91.04, -,9.023726
3.5,1297.164,945.5,472.1905,91.22, -,9.004278
3.55,1320.27,944.7,469.8095,91.22, -,9.004278
3.6,1343.392,943.9,470.0952,91.22, -,9.004278
3.65,1375.211,942.8,478.6667,91.22, -,9.004278
3.7,1398.37,942,479,91.22, -,9.004278
3.75,1424.445,941.1,482.0476,91.22, -,9.004278
3.8,1447.638,940.3,479.6667,91.22, -,9.004278
3.85,1470.847,939.5,477.2857,91.22, -,9.004278
3.9,1496.977,938.6,474.9524,91.22, -,9.004278
3.95,1520.22,937.8,472.5714,91.22, -,9.004278
4,1543.48,937,467.4286,91.22, -,9.004278
4.05,1569.667,936.1,470.5238,91.22, -,9.004278
4.1,1592.96,935.3,473.5714,91.22, -,9.004278
4.15,1619.184,934.4,482.1429,91.22, -,9.004278
4.2,1639.595,933.7,479.6667,91.22, -,9.004278
4.25,1662.937,932.9,477.2857,91.22, -,9.004278
4.3,1683.375,932.2,472.0952,91.22, -,9.004278
4.35,1712.594,931.2,477.9524,91.22, -,9.004278
4.4,1735.986,930.4,475.5238,91.22, -,9.004278
4.45,1765.251,929.4,481.4286,91.22, -,9.004278
4.5,1791.611,928.5,492.8095,91.22, -,9.004278
4.55,1817.992,927.6,495.9524,91.04, -,9.023726
4.6,1841.458,926.8,496.2857,91.04, -,9.023726
4.65,1864.941,926,496.6667,91.04, -,9.023726
4.7,1888.44,925.2,488.7619,91.04, -,9.023726
4.75,1911.955,924.4,489.0952,91.04, -,9.023726
4.8,1929.604,923.8,481.0952,91.04, -,9.023726
4.85,1953.148,923,481.4286,91.04, -,9.023726
4.9,1973.764,922.3,478.9524,91.04, -,9.023726
4.95,1997.339,921.5,476.5238,91.04, -,9.023726
5,2017.982,920.8,474.0476,91.04, -,9.023726
5.05,2044.54,919.9,477.1905,91.04, -,9.023726
5.1,2065.211,919.2,471.9048,91.04, -,9.023726
5.15,2088.851,918.4,472.2381,91.04, -,9.023726
5.2,2109.55,917.7,467,91.04, -,9.023726
5.25,2136.182,916.8,472.9524,91.04, -,9.023726
5.3,2156.911,916.1,470.4762,91.04, -,9.023726
5.35,2180.615,915.3,473.5714,91.04, -,9.023726
5.4,2201.371,914.6,465.5238,91.04, -,9.023726
5.45,2213.236,914.2,454.5238,91.04, -,9.023726
5.5,2239.951,913.3,452.0952,91.22, -,9.043174
5.55,2263.714,912.5,449.619,91.22, -,9.043174
5.6,2284.522,911.8,444.2857,91.22, -,9.043174
5.65,2305.342,911.1,441.7619,91.22, -,9.043174
5.7,2323.198,910.5,436.381,91.22, -,9.043174
5.75,2347.02,909.7,436.6667,91.22, -,9.043174
5.8,2364.899,909.1,431.3333,91.22, -,9.043174
5.85,2388.752,908.3,437.2381,91.22, -,9.043174
5.9,2406.652,907.7,431.8571,91.22, -,9.043174
5.95,2427.548,907,432.1429,91.22, -,9.043174
6,2448.458,906.3,429.5714,91.22, -,9.043174
6.05,2472.37,905.5,432.6667,91.22, -,9.043174
6.1,2493.307,904.8,427.3333,91.22, -,9.043174
6.15,2514.258,904.1,427.619,91.22, -,9.043174
6.2,2535.22,903.4,425.0476,91.22, -,9.043174
6.25,2556.198,902.7,425.3333,91.22, -,9.043174
6.3,2574.189,902.1,417.0952,91.22, -,9.043174
6.35,2595.189,901.4,417.3333,91.22, -,9.043174
6.4,2613.201,900.8,411.9048,91.22, -,9.043174
6.45,2634.228,900.1,412.1905,91.22, -,9.043174
6.5,2655.265,899.4,420.9524,91.22, -,9.043174
6.55,2676.318,898.7,415.5714,91.04, -,9.004278
6.6,2694.374,898.1,410.1429,91.04, -,9.004278
6.65,2715.45,897.4,410.4286,91.04, -,9.004278
6.7,2733.527,896.8,407.8571,91.04, -,9.004278
6.75,2751.613,896.2,408.0952,91.04, -,9.004278
6.8,2769.71,895.6,402.6667,91.04, -,9.004278
6.85,2790.833,894.9,405.7143,91.04, -,9.004278
6.9,2808.952,894.3,400.2381,91.04, -,9.004278
6.95,2827.078,893.7,400.4762,91.04, -,9.004278
7,2845.217,893.1,397.8571,91.04, -,9.004278
7.05,2866.388,892.4,398.0952,91.04, -,9.004278
7.1,2884.547,891.8,392.619,91.04, -,9.004278
7.15,2905.745,891.1,392.8571,91.04, -,9.004278
7.2,2926.955,890.4,393.0952,91.04, -,9.004278
7.25,2945.147,889.8,390.4762,91.04, -,9.004278
7.3,2966.384,889.1,390.7143,91.04, -,9.004278
7.35,2984.596,888.5,390.9048,91.04, -,9.004278
7.4,3002.818,887.9,388.2381,91.04, -,9.004278
7.45,3014.973,887.5,382.6667,91.04, -,9.004278
7.5,3033.212,886.9,380,91.22, -,9.023726
7.55,3051.463,886.3,377.3333,91.22, -,9.023726
7.6,3066.679,885.8,371.7619,91.22, -,9.023726
7.65,3081.902,885.3,369.0476,91.22, -,9.023726
7.7,3097.131,884.8,363.4762,91.22, -,9.023726
7.75,3112.368,884.3,360.7619,91.22, -,9.023726
7.8,3127.611,883.8,358.0476,91.22, -,9.023726
7.85,3145.912,883.2,358.2381,91.22, -,9.023726
7.9,3161.171,882.7,352.6667,91.22, -,9.023726
7.95,3179.492,882.1,352.8571,91.22, -,9.023726
8,3194.767,881.6,350.0952,91.22, -,9.023726
8.05,3216.161,880.9,353.1905,91.22, -,9.023726
8.1,3234.512,880.3,350.5238,91.22, -,9.023726
8.15,3252.872,879.7,350.7143,91.22, -,9.023726
8.2,3265.119,879.3,342.1905,91.22, -,9.023726
8.25,3280.433,878.8,336.5714,91.22, -,9.023726
8.3,3295.753,878.3,333.8095,91.22, -,9.023726
8.35,3314.147,877.7,331.0952,91.22, -,9.023726
8.4,3329.483,877.2,328.381,91.22, -,9.023726
8.45,3347.897,876.6,328.5714,91.22, -,9.023726
8.5,3363.25,876.1,331.619,91.22, -,9.023726
8.55,3381.68,875.5,331.8095,91.22, -,9.004278
8.6,3397.048,875,329.0476,91.22, -,9.004278
8.65,3412.423,874.5,329.1905,91.22, -,9.004278
8.7,3427.804,874,329.381,91.22, -,9.004278
8.75,3443.193,873.5,329.5238,91.22, -,9.004278
8.8,3455.51,873.1,326.7143,91.22, -,9.004278
8.85,3473.993,872.5,329.8095,91.22, -,9.004278
8.9,3489.403,872,327.0476,91.22, -,9.004278
8.95,3504.821,871.5,327.1905,91.22, -,9.004278
9,3517.16,871.1,321.5238,91.22, -,9.004278
9.05,3535.677,870.5,324.619,91.22, -,9.004278
9.1,3551.116,870,318.9524,91.22, -,9.004278
9.15,3566.562,869.5,316.1905,91.22, -,9.004278
9.2,3578.925,869.1,310.4762,91.22, -,9.004278
9.25,3594.384,868.6,313.5238,91.22, -,9.004278
9.3,3609.851,868.1,313.6667,91.22, -,9.004278
9.35,3625.324,867.6,313.8095,91.22, -,9.004278
9.4,3637.707,867.2,308.0952,91.22, -,9.004278
9.45,3643.901,867,299.381,91.22, -,9.004278
9.5,3662.489,866.4,299.5714,91.22, -,9.023726
9.55,3677.987,865.9,299.7143,91.22, -,9.023726
9.6,3693.492,865.4,296.9048,91.22, -,9.023726
9.65,3709.005,864.9,297.0476,91.22, -,9.023726
9.7,3721.421,864.5,294.2381,91.22, -,9.023726
9.75,3736.947,864,294.381,91.22, -,9.023726
9.8,3749.374,863.6,291.5714,91.22, -,9.023726
9.85,3761.803,863.2,291.7143,91.22, -,9.023726
9.9,3777.348,862.7,288.9048,91.22, -,9.023726
9.95,3789.79,862.3,286.0952,91.22, -,9.023726
10,3802.234,861.9,283.2857,91.22, -,9.023726
10.05,3817.798,861.4,286.3333,91.22, -,9.023726
10.1,3827.141,861.1,277.619,91.22, -,9.023726
10.15,3842.716,860.6,277.7619,91.22, -,9.023726
10.2,3855.181,860.2,274.9048,91.22, -,9.023726
10.25,3870.769,859.7,278,91.22, -,9.023726
10.3,3883.246,859.3,275.1905,91.22, -,9.023726
10.35,3895.726,858.9,272.381,91.22, -,9.023726
10.4,3908.212,858.5,269.5714,91.22, -,9.023726
10.45,3926.949,857.9,275.619,91.22, -,9.023726
10.5,3936.323,857.6,278.619,91.22, -,9.023726
10.55,3951.95,857.1,275.8095,91.22, -,9.023726
10.6,3964.455,856.7,272.9524,91.22, -,9.023726
10.65,3976.968,856.3,270.0952,91.22, -,9.023726
10.7,3986.354,856,264.2857,91.22, -,9.023726
10.75,3998.875,855.6,264.381,91.22, -,9.023726
10.8,4011.398,855.2,261.4762,91.22, -,9.023726
10.85,4023.928,854.8,261.5714,91.22, -,9.023726
10.9,4036.461,854.4,261.6667,91.22, -,9.023726
10.95,4049,854,258.8095,91.22, -,9.023726
11,4058.407,853.7,255.9048,91.22, -,9.023726
11.05,4074.092,853.2,259,91.22, -,9.023726
11.1,4086.646,852.8,256.1429,91.22, -,9.023726
11.15,4099.203,852.4,259.1905,91.22, -,9.023726
11.2,4108.625,852.1,253.2857,91.22, -,9.023726
11.25,4121.191,851.7,253.381,91.22, -,9.023726
11.3,4133.762,851.3,250.4762,91.22, -,9.023726
11.35,4146.337,850.9,250.5238,91.22, -,9.023726
11.4,4155.773,850.6,247.619,91.22, -,9.023726
11.45,4162.063,850.4,241.7143,91.22, -,9.023726
11.5,4174.651,850,235.8571,91.22, -,9.023726
11.55,4184.093,849.7,235.9524,91.22, -,9.023726
11.6,4193.539,849.4,230.0476,91.22, -,9.023726
11.65,4206.138,849,230.1429,91.22, -,9.023726
11.7,4215.59,848.7,227.2381,91.22, -,9.023726
11.75,4228.198,848.3,230.2857,91.22, -,9.023726
11.8,4237.656,848,227.381,91.22, -,9.023726
11.85,4250.272,847.6,227.4762,91.22, -,9.023726
11.9,4259.736,847.3,224.5238,91.22, -,9.023726
11.95,4272.359,846.9,224.5714,91.22, -,9.023726
12,4281.832,846.6,221.619,91.22, -,9.023726
12.05,4291.305,846.3,221.6667,91.22, -,9.023726
12.1,4303.939,845.9,218.7619,91.22, -,9.023726
12.15,4313.421,845.6,215.8571,91.22, -,9.023726
12.2,4322.903,845.3,212.9524,91.22, -,9.023726
12.25,4332.389,845,213.0476,91.22, -,9.023726
12.3,4338.714,844.8,207.1429,91.22, -,9.023726
12.35,4348.204,844.5,204.2381,91.22, -,9.023726
12.4,4357.696,844.2,201.3333,91.22, -,9.023726
12.45,4367.192,843.9,201.381,91.22, -,9.023726
12.5,4376.691,843.6,204.4286,91.22, -,9.023726
12.55,4386.192,843.3,201.4762,91.04, -,9.023726
12.6,4395.695,843,201.5238,91.04, -,9.023726
12.65,4405.202,842.7,201.5714,91.04, -,9.023726
12.7,4414.71,842.4,198.619,91.04, -,9.023726
12.75,4421.052,842.2,195.6667,91.04, -,9.023726
12.8,4430.565,841.9,192.7143,91.04, -,9.023726
12.85,4440.083,841.6,192.7619,91.04, -,9.023726
12.9,4449.603,841.3,189.8095,91.04, -,9.023726
12.95,4459.124,841,189.8571,91.04, -,9.023726
13,4465.474,840.8,183.9048,91.04, -,9.023726
13.05,4471.825,840.6,180.9524,91.04, -,9.023726
13.1,4478.176,840.4,178,91.04, -,9.023726
13.15,4487.708,840.1,175.0476,91.04, -,9.023726
13.2,4494.061,839.9,172.0476,91.04, -,9.023726
13.25,4500.418,839.7,169.0476,91.04, -,9.023726
13.3,4506.776,839.5,166.0476,91.04, -,9.023726
13.35,4513.135,839.3,166.0476,91.04, -,9.023726
13.4,4519.495,839.1,163.0476,91.04, -,9.023726
13.45,4522.675,839,157.0476,91.04, -,9.023726
13.5,4529.037,838.8,154.0476,91.22, -,9.023726
13.55,4535.4,838.6,151.0476,91.22, -,9.023726
13.6,4541.763,838.4,148.0476,91.22, -,9.023726
13.65,4548.129,838.2,145.0476,91.22, -,9.023726
13.7,4554.496,838,142.0476,91.22, -,9.023726
13.75,4564.048,837.7,142.0952,91.22, -,9.023726
13.8,4570.418,837.5,142.0952,91.22, -,9.023726
13.85,4579.975,837.2,142.1429,91.22, -,9.023726
13.9,4586.349,837,139.1429,91.22, -,9.023726
13.95,4592.723,836.8,136.1429,91.22, -,9.023726
14,4602.286,836.5,136.1905,91.22, -,9.023726
14.05,4608.664,836.3,136.2381,91.22, -,9.023726
14.1,4615.042,836.1,136.2857,91.22, -,9.023726
14.15,4624.612,835.8,139.3333,91.22, -,9.023726
14.2,4630.994,835.6,136.3333,91.22, -,9.023726
14.25,4637.375,835.4,136.381,91.22, -,9.023726
14.3,4643.76,835.2,136.4286,91.22, -,9.023726
14.35,4653.338,834.9,139.5238,91.22, -,9.023726
14.4,4656.532,834.8,136.5238,91.22, -,9.023726
14.45,4662.92,834.6,136.5714,91.22, -,9.023726
14.5,4669.308,834.4,139.619,91.22, -,9.023726
14.55,4672.504,834.3,136.619,91.04, -,9.023726
14.6,4675.698,834.2,133.619,91.04, -,9.023726
14.65,4678.895,834.1,130.619,91.04, -,9.023726
14.7,4685.286,833.9,130.6667,91.04, -,9.023726
14.75,4688.483,833.8,127.6667,91.04, -,9.023726
14.8,4691.679,833.7,121.619,91.04, -,9.023726
14.85,4698.074,833.5,121.6667,91.04, -,9.023726
14.9,4704.471,833.3,118.6667,91.04, -,9.023726
14.95,4710.868,833.1,118.7143,91.04, -,9.023726
15,4714.066,833,115.7143,91.04, -,9.023726
15.05,4720.465,832.8,112.7143,91.04, -,9.023726
15.1,4723.665,832.7,109.6667,91.04, -,9.023726
15.15,4730.066,832.5,109.6667,91.04, -,9.023726
15.2,4736.468,832.3,106.6667,91.04, -,9.023726
15.25,4742.872,832.1,106.6667,91.04, -,9.023726
15.3,4746.073,832,103.619,91.04, -,9.023726
15.35,4749.275,831.9,100.5714,91.04, -,9.023726
15.4,4752.479,831.8,94.47619,91.04, -,9.023726
15.45,4755.681,831.7,94.47619,91.04, -,9.023726
15.5,4758.885,831.6,91.42857,91.22, -,9.043174
15.55,4762.088,831.5,88.38095,91.22, -,9.043174
15.6,4765.292,831.4,88.38095,91.22, -,9.043174
15.65,4771.701,831.2,91.42857,91.22, -,9.043174
15.7,4774.907,831.1,91.42857,91.22, -,9.043174
15.75,4778.111,831,88.38095,91.22, -,9.043174
15.8,4781.316,830.9,88.38095,91.22, -,9.043174
15.85,4787.729,830.7,91.42857,91.22, -,9.043174
15.9,4790.936,830.6,88.38095,91.22, -,9.043174
15.95,4794.142,830.5,85.33334,91.22, -,9.043174
16,4797.349,830.4,82.28571,91.22, -,9.043174
16.05,4800.557,830.3,82.28571,91.22, -,9.043174
16.1,4803.764,830.2,79.2381,91.22, -,9.043174
16.15,4806.973,830.1,79.2381,91.22, -,9.043174
16.2,4810.181,830,76.19048,91.22, -,9.043174
16.25,4813.389,829.9,73.14286,91.22, -,9.043174
16.3,4816.599,829.8,70.09524,91.22, -,9.043174
16.35,4816.599,829.8,67.04762,91.22, -,9.043174
16.4,4819.807,829.7,67.04762,91.22, -,9.043174
16.45,4823.018,829.6,67.04762,91.22, -,9.043174
16.5,4826.227,829.5,67.04762,91.22, -,9.043174
16.55,4826.227,829.5,64,95.18, -,9.023726
16.6,4829.437,829.4,64,95.18, -,9.023726
16.65,4832.648,829.3,64,95.18, -,9.023726
16.7,4835.858,829.2,60.95238,95.18, -,9.023726
16.75,4835.858,829.2,57.90476,95.18, -,9.023726
16.8,4839.071,829.1,57.90476,95.18, -,9.023726
16.85,4842.281,829,57.90476,95.18, -,9.023726
16.9,4845.492,828.9,54.85714,95.18, -,9.023726
16.95,4845.492,828.9,51.80952,95.18, -,9.023726
17,4848.706,828.8,51.80952,95.18, -,9.023726
17.05,4848.706,828.8,48.76191,95.18, -,9.023726
17.1,4851.917,828.7,48.76191,95.18, -,9.023726
17.15,4851.917,828.7,45.71429,95.18, -,9.023726
17.2,4855.131,828.6,45.71429,95.18, -,9.023726
17.25,4858.343,828.5,45.71429,95.18, -,9.023726
17.3,4858.343,828.5,42.66667,95.18, -,9.023726
17.35,4858.343,828.5,39.61905,95.18, -,9.023726
17.4,4861.556,828.4,42.66667,95.18, -,9.023726
17.45,4864.771,828.3,42.66667,95.18, -,9.023726
17.5,4864.771,828.3,39.61905,94.82, -,9.043174
17.55,4867.984,828.2,39.61905,94.82, -,9.043174
17.6,4867.984,828.2,39.61905,94.82, -,9.043174
17.65,4871.2,828.1,39.61905,94.82, -,9.043174
17.7,4871.2,828.1,36.57143,94.82, -,9.043174
17.75,4874.414,828,36.57143,94.82, -,9.043174
17.8,4874.414,828,36.57143,94.82, -,9.043174
17.85,4877.627,827.9,36.57143,94.82, -,9.043174
17.9,4877.627,827.9,33.52381,94.82, -,9.043174
17.95,4880.844,827.8,33.52381,94.82, -,9.043174
18,4880.844,827.8,33.52381,94.82, -,9.043174
18.05,4884.059,827.7,33.52381,94.82, -,9.043174
18.1,4887.276,827.6,36.57143,94.82, -,9.043174
18.15,4884.059,827.7,30.47619,94.82, -,9.043174
18.2,4884.059,827.7,30.47619,94.82, -,9.043174
18.25,4887.276,827.6,30.47619,94.82, -,9.043174
18.3,4884.059,827.7,24.38095,94.82, -,9.043174
18.35,4887.276,827.6,27.42857,94.82, -,9.043174
18.4,4884.059,827.7,24.38095,94.82, -,9.043174
18.45,4884.059,827.7,21.33333,94.82, -,9.043174
18.5,4880.844,827.8,15.2381,94.82, -,9.043174
18.55,4877.627,827.9,12.19048,94.28, -,9.043174
18.6,4874.414,828,6.095238,94.28, -,9.043174
18.65,4874.414,828,6.095238,94.28, -,9.043174
18.8,4900.141,827.2,24.47619,94.28, -,9.043174
18.85,4887.276,827.6,12.2381,94.28, -,9.043174
18.9,4877.627,827.9,0,94.28, -,9.043174
18.95,4871.2,828.1,-6.142857,94.28, -,9.043174
19,4871.2,828.1,-9.190476,94.28, -,9.043174
19.05,4871.2,828.1,-9.190476,94.28, -,9.043174
19.1,4867.984,828.2,-15.28571,94.28, -,9.043174
19.15,4861.556,828.4,-24.47619,94.28, -,9.043174
19.2,4861.556,828.4,-21.42857,94.28, -,9.043174
19.25,4858.343,828.5,-24.47619,94.28, -,9.043174
19.3,4851.917,828.7,-33.66667,94.28, -,9.043174
19.35,4848.706,828.8,-33.66667,94.28, -,9.043174
19.4,4848.706,828.8,-36.71429,94.28, -,9.043174
19.45,4845.492,828.9,-36.71429,94.28, -,9.043174
19.5,4842.281,829,-39.76191,94.1, -,9.043174
19.55,4842.281,829,-36.71429,94.1, -,9.043174
19.6,4842.281,829,-33.66667,94.1, -,9.043174
19.65,4839.071,829.1,-33.66667,94.1, -,9.043174
19.7,4835.858,829.2,-36.71429,94.1, -,9.043174
19.85,4835.858,829.2,-61.19048,94.1, -,9.043174
19.9,4832.648,829.3,-52,94.1, -,9.043174
19.95,4832.648,829.3,-42.80952,94.1, -,9.043174
20,4832.648,829.3,-36.66667,94.1, -,9.043174
20.05,4829.437,829.4,-39.71429,94.1, -,9.043174
20.1,4826.227,829.5,-42.76191,94.1, -,9.043174
20.15,4816.599,829.8,-48.90476,94.1, -,9.043174
20.2,4810.181,830,-48.85714,94.1, -,9.043174
20.25,4806.973,830.1,-51.90476,94.1, -,9.043174
20.3,4803.764,830.2,-51.90476,94.1, -,9.043174
20.35,4797.349,830.4,-51.85714,94.1, -,9.043174
20.4,4794.142,830.5,-51.85714,94.1, -,9.043174
20.45,4794.142,830.5,-51.85714,94.1, -,9.043174
20.5,4790.936,830.6,-51.85714,94.1, -,9.043174
20.55,4790.936,830.6,-48.80952,94.1, -,9.043174
20.6,4787.729,830.7,-51.85714,94.1, -,9.043174
20.65,4787.729,830.7,-51.85714,94.1, -,9.043174
20.7,4784.523,830.8,-51.85714,94.1, -,9.043174
20.75,4781.316,830.9,-51.85714,94.1, -,9.043174
20.8,4778.111,831,-54.90476,94.1, -,9.043174
20.85,4774.907,831.1,-57.95238,94.1, -,9.043174
20.9,4771.701,831.2,-61,94.1, -,9.043174
20.95,4768.497,831.3,-61,94.1, -,9.043174
21,4768.497,831.3,-61,94.1, -,9.043174
21.05,4768.497,831.3,-61,94.1, -,9.043174
21.1,4771.701,831.2,-54.90476,94.1, -,9.043174
21.15,4762.088,831.5,-61,94.1, -,9.043174
21.2,4755.681,831.7,-57.90476,94.1, -,9.043174
21.25,4746.073,832,-60.95238,94.1, -,9.043174
21.3,4739.669,832.2,-64,94.1, -,9.043174
21.35,4733.266,832.4,-67.04762,94.1, -,9.043174
21.4,4733.266,832.4,-60.95238,94.1, -,9.043174
21.45,4733.266,832.4,-57.90476,94.1, -,9.043174
21.5,4733.266,832.4,-57.90476,94.1, -,9.043174
21.55,4739.669,832.2,-48.76191,94.1, -,9.043174
21.6,4739.669,832.2,-48.76191,94.1, -,9.043174
21.65,4733.266,832.4,-51.80952,94.1, -,9.043174
21.7,4723.665,832.7,-60.95238,94.1, -,9.043174
21.75,4714.066,833,-67.04762,94.1, -,9.043174
21.8,4710.868,833.1,-67.04762,94.1, -,9.043174
21.85,4707.668,833.2,-67.04762,94.1, -,9.043174
21.9,4704.471,833.3,-67.04762,94.1, -,9.043174
21.95,4701.271,833.4,-67.04762,94.1, -,9.043174
22,4698.074,833.5,-67.04762,94.1, -,9.043174
22.05,4691.679,833.7,-73.14286,94.1, -,9.043174
22.1,4685.286,833.9,-79.2381,94.1, -,9.043174
22.15,4682.09,834,-85.33334,94.1, -,9.043174
22.2,4678.895,834.1,-79.2381,94.1, -,9.043174
22.25,4672.504,834.3,-79.2381,94.1, -,9.043174
22.3,4669.308,834.4,-73.14286,94.1, -,9.043174
22.35,4666.114,834.5,-70.09524,94.1, -,9.043174
22.4,4662.92,834.6,-67.04762,94.1, -,9.043174
22.45,4659.725,834.7,-70.09524,94.1, -,9.043174
22.5,4659.725,834.7,-70.09524,94.1, -,9.043174
22.55,4656.532,834.8,-73.14286,93.92001, -,9.043174
22.6,4646.954,835.1,-88.38095,93.92001, -,9.043174
22.65,4640.568,835.3,-94.47619,93.92001, -,9.043174
22.7,4630.994,835.6,-97.47619,93.92001, -,9.043174
22.75,4624.612,835.8,-94.42857,93.92001, -,9.043174
22.8,4621.421,835.9,-88.33334,93.92001, -,9.043174
22.85,4618.231,836,-88.33334,93.92001, -,9.043174
22.9,4618.231,836,-85.28571,93.92001, -,9.043174
22.95,4611.852,836.2,-88.33334,93.92001, -,9.043174
23,4608.664,836.3,-88.33334,93.92001, -,9.043174
23.05,4605.474,836.4,-88.33334,93.92001, -,9.043174
23.1,4599.099,836.6,-88.33334,93.92001, -,9.043174
23.15,4599.099,836.6,-82.2381,93.92001, -,9.043174
23.2,4602.286,836.5,-76.14286,93.92001, -,9.043174
23.25,4608.664,836.3,-67,93.92001, -,9.043174
23.3,4615.042,836.1,-54.80952,93.92001, -,9.043174
23.35,4618.231,836,-48.71429,93.92001, -,9.043174
23.4,4615.042,836.1,-48.71429,93.92001, -,9.043174
23.45,4608.664,836.3,-51.76191,93.92001, -,9.043174
23.5,4592.723,836.8,-63.90476,93.92001, -,9.023726
23.55,4583.163,837.1,-73,93.92001, -,9.023726
23.6,4576.79,837.3,-76,93.92001, -,9.023726
23.65,4570.418,837.5,-72.90476,93.92001, -,9.023726
23.7,4564.048,837.7,-72.85714,93.92001, -,9.023726
23.75,4557.679,837.9,-69.80952,93.92001, -,9.023726
23.8,4551.313,838.1,-69.7619,93.92001, -,9.023726
23.85,4548.129,838.2,-69.7619,93.92001, -,9.023726
23.9,4544.947,838.3,-69.7619,93.92001, -,9.023726
23.95,4541.763,838.4,-72.80952,93.92001, -,9.023726
24,4541.763,838.4,-66.71429,93.92001, -,9.023726
24.05,4541.763,838.4,-63.66667,93.92001, -,9.023726
24.1,4541.763,838.4,-60.61905,93.92001, -,9.023726
24.15,4538.582,838.5,-57.57143,93.92001, -,9.023726
24.2,4535.4,838.6,-60.61905,93.92001, -,9.023726
24.25,4525.855,838.9,-72.7619,93.92001, -,9.023726
24.3,4516.314,839.2,-87.95238,93.92001, -,9.023726
24.35,4503.598,839.6,-106.1429,93.92001, -,9.023726
24.4,4494.061,839.9,-118.2857,93.92001, -,9.023726
24.45,4490.884,840,-118.2857,93.92001, -,9.023726
24.5,4490.884,840,-112.1905,93.92001, -,9.023726
24.55,4494.061,839.9,-93.95238,93.92001, -,9.043174
24.6,4497.24,839.8,-81.80952,93.92001, -,9.043174
24.65,4500.418,839.7,-72.71429,93.92001, -,9.043174
24.7,4500.418,839.7,-66.66666,93.92001, -,9.043174
24.75,4494.061,839.9,-66.66666,93.92001, -,9.043174
24.8,4484.529,840.2,-69.71429,93.92001, -,9.043174
24.85,4475,840.5,-72.7619,93.92001, -,9.043174
24.9,4462.298,840.9,-81.80952,93.92001, -,9.043174
24.95,4452.775,841.2,-87.80952,93.92001, -,9.043174
25,4446.428,841.4,-90.80952,93.92001, -,9.043174
25.05,4440.083,841.6,-96.85714,93.92001, -,9.043174
25.1,4436.91,841.7,-99.85714,93.92001, -,9.043174
25.15,4430.565,841.9,-105.9048,93.92001, -,9.043174
25.2,4424.224,842.1,-108.9048,93.92001, -,9.043174
25.25,4417.882,842.3,-111.9048,93.92001, -,9.043174
25.3,4414.71,842.4,-105.8095,93.92001, -,9.043174
25.35,4408.372,842.6,-102.7619,93.92001, -,9.043174
25.4,4402.033,842.8,-96.71429,93.92001, -,9.043174
25.45,4402.033,842.8,-87.61905,93.92001, -,9.043174
25.5,4395.695,843,-90.61905,93.92001, -,9.043174
25.55,4392.528,843.1,-93.61905,93.92001, -,9.043174
25.6,4392.528,843.1,-96.66666,93.92001, -,9.043174
25.65,4389.359,843.2,-102.7143,93.92001, -,9.043174
25.7,4389.359,843.2,-105.7619,93.92001, -,9.043174
25.75,4389.359,843.2,-105.7619,93.92001, -,9.043174
25.8,4389.359,843.2,-99.71429,93.92001, -,9.043174
25.85,4376.691,843.6,-102.6667,93.92001, -,9.043174
25.9,4370.358,843.8,-99.61905,93.92001, -,9.043174
25.95,4364.027,844,-93.57143,93.92001, -,9.043174
26,4357.696,844.2,-90.57143,93.92001, -,9.043174
26.05,4354.533,844.3,-87.52381,93.92001, -,9.043174
26.1,4351.367,844.4,-84.47619,93.92001, -,9.043174
26.15,4351.367,844.4,-81.47619,93.92001, -,9.043174
26.2,4354.533,844.3,-72.42857,93.92001, -,9.043174
26.25,4348.204,844.5,-72.42857,93.92001, -,9.043174
26.3,4335.55,844.9,-78.42857,93.92001, -,9.043174
26.35,4322.903,845.3,-87.47619,93.92001, -,9.043174
26.4,4316.581,845.5,-87.42857,93.92001, -,9.043174
26.45,4319.741,845.4,-78.38095,93.92001, -,9.043174
26.5,4322.903,845.3,-75.38095,93.92001, -,9.043174
26.55,4316.581,845.5,-75.33334,93.92001, -,9.062621
26.6,4307.1,845.8,-81.38095,93.92001, -,9.062621
26.65,4303.939,845.9,-84.38095,93.92001, -,9.062621
26.7,4303.939,845.9,-81.38095,93.92001, -,9.062621
26.75,4300.781,846,-84.38095,93.92001, -,9.062621
26.8,4300.781,846,-84.38095,93.92001, -,9.062621
26.85,4291.305,846.3,-93.42857,93.92001, -,9.062621
26.9,4275.517,846.8,-96.42857,93.92001, -,9.062621
26.95,4269.203,847,-96.38095,93.92001, -,9.062621
27,4272.359,846.9,-87.33334,93.92001, -,9.062621
27.05,4278.673,846.7,-75.28571,93.92001, -,9.062621
27.1,4272.359,846.9,-78.28571,93.92001, -,9.062621
27.15,4259.736,847.3,-87.28571,93.92001, -,9.062621
27.2,4253.426,847.5,-93.28571,93.92001, -,9.062621
27.25,4247.116,847.7,-102.2857,93.92001, -,9.062621
27.3,4243.963,847.8,-99.2381,93.92001, -,9.062621
27.35,4243.963,847.8,-87.19048,93.92001, -,9.062621
27.4,4240.808,847.9,-78.14286,93.92001, -,9.062621
27.45,4240.808,847.9,-72.14286,93.92001, -,9.062621
27.5,4240.808,847.9,-75.14286,93.92001, -,9.043174
27.55,4231.349,848.2,-87.14286,93.92001, -,9.043174
27.6,4218.742,848.6,-93.14286,93.92001, -,9.043174
27.65,4206.138,849,-96.09524,93.92001, -,9.043174
27.7,4206.138,849,-93.09524,93.92001, -,9.043174
27.75,4215.59,848.7,-84.09524,93.92001, -,9.043174
27.8,4228.198,848.3,-69.09524,93.92001, -,9.043174
27.85,4221.893,848.5,-75.09524,93.92001, -,9.043174
27.9,4199.838,849.2,-87.04762,93.92001, -,9.043174
27.95,4187.243,849.6,-84,93.92001, -,9.043174
28,4184.093,849.7,-81,93.92001, -,9.043174
28.05,4180.946,849.8,-87,93.92001, -,9.043174
28.1,4177.797,849.9,-96,93.92001, -,9.043174
28.15,4168.356,850.2,-99,93.92001, -,9.043174
28.2,4162.063,850.4,-93,93.92001, -,9.043174
28.25,4152.627,850.7,-96,93.92001, -,9.043174
28.3,4146.337,850.9,-96,93.92001, -,9.043174
28.35,4143.193,851,-96,93.92001, -,9.043174
28.4,4136.905,851.2,-102,93.92001, -,9.043174
28.45,4130.618,851.4,-105,93.92001, -,9.043174
28.5,4127.476,851.5,-108,93.92001, -,9.043174
28.55,4121.191,851.7,-114,93.92001, -,9.043174
28.6,4121.191,851.7,-105,93.92001, -,9.043174
28.65,4121.191,851.7,-93,93.92001, -,9.043174
28.7,4118.049,851.8,-84,93.92001, -,9.043174
28.75,4111.766,852,-90,93.92001, -,9.043174
28.8,4105.484,852.2,-105,93.92001, -,9.043174
28.85,4102.344,852.3,-120,93.92001, -,9.043174
28.9,4096.063,852.5,-120,93.92001, -,9.043174
28.95,4089.784,852.7,-105,93.92001, -,9.043174
29,4086.646,852.8,-96,93.92001, -,9.043174
29.05,4077.231,853.1,-101.9524,93.92001, -,9.043174
29.1,4070.955,853.3,-104.9524,93.92001, -,9.043174
29.15,4070.955,853.3,-101.9524,93.92001, -,9.043174
29.2,4077.231,853.1,-86.95238,93.92001, -,9.043174
29.25,4086.646,852.8,-72,93.92001, -,9.043174
29.3,4080.368,853,-69,93.92001, -,9.043174
29.35,4061.545,853.6,-80.90476,93.92001, -,9.043174
29.4,4049,854,-89.85714,93.92001, -,9.043174
29.45,4045.866,854.1,-86.85714,93.92001, -,9.043174
29.5,4042.73,854.2,-83.85714,93.92001, -,9.043174
29.55,4045.866,854.1,-77.85714,93.92001, -,9.043174
29.6,4039.596,854.3,-77.80952,93.92001, -,9.043174
29.65,4027.06,854.7,-89.7619,93.92001, -,9.043174
29.7,4027.06,854.7,-89.7619,93.92001, -,9.043174
29.75,4036.461,854.4,-77.80952,93.92001, -,9.043174
29.8,4036.461,854.4,-71.80952,93.92001, -,9.043174
29.85,4017.662,855,-83.71429,93.92001, -,9.043174
29.9,4008.267,855.3,-89.66666,93.92001, -,9.043174
29.95,4005.135,855.4,-86.66666,93.92001, -,9.043174
30,4008.267,855.3,-77.66666,93.92001, -,9.043174
30.05,4011.398,855.2,-71.66666,93.92001, -,9.043174
30.1,4008.267,855.3,-65.71429,93.92001, -,9.043174
30.15,3989.483,855.9,-77.61905,93.92001, -,9.043174
30.2,3973.838,856.4,-92.52381,93.92001, -,9.043174
30.25,3973.838,856.4,-98.52381,93.92001, -,9.043174
30.3,3970.711,856.5,-110.4762,93.92001, -,9.043174
30.35,3967.584,856.6,-107.4762,93.92001, -,9.043174
30.4,3961.329,856.8,-95.52381,93.92001, -,9.043174
30.45,3951.95,857.1,-92.52381,93.92001, -,9.043174
30.5,3945.698,857.3,-95.47619,93.92001, -,9.043174
30.55,3939.447,857.5,-98.42857,93.92001, -,9.023726
30.6,3936.323,857.6,-104.381,93.92001, -,9.023726
30.65,3933.197,857.7,-101.4286,93.92001, -,9.023726
30.7,3930.074,857.8,-92.42857,93.92001, -,9.023726
30.75,3933.197,857.7,-89.47619,93.92001, -,9.023726
30.8,3930.074,857.8,-101.381,93.92001, -,9.023726
30.85,3920.703,858.1,-110.2857,93.92001, -,9.023726
30.9,3914.457,858.3,-98.33334,93.92001, -,9.023726
30.95,3911.334,858.4,-92.33334,93.92001, -,9.023726
31,3911.334,858.4,-89.33334,93.92001, -,9.023726
31.05,3914.457,858.3,-89.38095,93.92001, -,9.023726
31.1,3905.091,858.6,-101.2857,93.92001, -,9.023726
31.15,3889.487,859.1,-113.1429,93.92001, -,9.023726
31.2,3889.487,859.1,-95.2381,93.92001, -,9.023726
31.25,3908.212,858.5,-62.47619,93.92001, -,9.023726
31.3,3901.969,858.7,-68.42857,93.92001, -,9.023726
31.35,3883.246,859.3,-83.2381,93.92001, -,9.023726
31.4,3873.889,859.6,-89.14286,93.92001, -,9.023726
31.45,3877.007,859.5,-80.2381,93.92001, -,9.023726
31.5,3880.126,859.4,-68.33334,93.92001, -,9.043174
31.55,3861.416,860,-80.19048,93.92001, -,9.043174
31.6,3852.065,860.3,-83.14286,93.92001, -,9.043174
31.65,3858.299,860.1,-74.2381,93.92001, -,9.043174
31.7,3858.299,860.1,-71.2381,93.92001, -,9.043174
31.75,3839.6,860.7,-86.09524,93.92001, -,9.043174
31.8,3830.255,861,-97.95238,93.92001, -,9.043174
31.85,3827.141,861.1,-97.95238,93.92001, -,9.043174
31.9,3824.026,861.2,-92,93.92001, -,9.043174
31.95,3814.685,861.5,-94.95238,93.92001, -,9.043174
32,3814.685,861.5,-92,93.92001, -,9.043174
32.05,3814.685,861.5,-92,93.92001, -,9.043174
32.1,3805.347,861.8,-103.8571,93.92001, -,9.043174
32.15,3799.123,862,-100.8571,93.92001, -,9.043174
32.2,3792.9,862.2,-91.90476,93.92001, -,9.043174
32.25,3789.79,862.3,-94.85714,93.92001, -,9.043174
32.3,3783.568,862.5,-118.619,93.92001, -,9.043174
32.35,3780.459,862.6,-115.619,93.92001, -,9.043174
32.4,3777.348,862.7,-100.7619,93.92001, -,9.043174
32.45,3777.348,862.7,-91.85714,93.92001, -,9.043174
32.5,3768.021,863,-103.7143,93.92001, -,9.043174
32.55,3758.696,863.3,-115.5238,93.74, -,9.043174
32.6,3755.587,863.4,-100.6667,93.74, -,9.043174
32.65,3749.374,863.6,-97.66666,93.74, -,9.043174
32.7,3746.266,863.7,-106.5714,93.74, -,9.043174
32.75,3743.16,863.8,-109.5238,93.74, -,9.043174
32.8,3743.16,863.8,-91.71429,93.74, -,9.043174
32.85,3733.842,864.1,-91.66666,93.74, -,9.043174
32.9,3724.525,864.4,-97.57143,93.74, -,9.043174
32.95,3721.421,864.5,-97.57143,93.74, -,9.043174
33,3718.318,864.6,-91.61905,93.74, -,9.043174
33.05,3712.11,864.8,-97.52381,93.74, -,9.043174
33.1,3712.11,864.8,-97.52381,93.74, -,9.043174
33.15,3705.903,865,-94.52381,93.74, -,9.043174
33.2,3699.697,865.2,-94.52381,93.74, -,9.043174
33.25,3693.492,865.4,-94.52381,93.74, -,9.043174
33.3,3687.291,865.6,-97.47619,93.74, -,9.043174
33.35,3684.189,865.7,-94.52381,93.74, -,9.043174
33.4,3684.189,865.7,-91.57143,93.74, -,9.043174
33.45,3677.987,865.9,-94.52381,93.74, -,9.043174
33.5,3668.688,866.2,-103.381,93.92001, -,9.043174
33.55,3671.788,866.1,-91.52381,93.92001, -,9.043174
33.6,3668.688,866.2,-85.61905,93.92001, -,9.043174
33.65,3659.391,866.5,-91.52381,93.92001, -,9.043174
33.7,3659.391,866.5,-85.61905,93.92001, -,9.043174
33.75,3653.194,866.7,-88.57143,93.92001, -,9.043174
33.8,3643.901,867,-94.47619,93.92001, -,9.043174
33.85,3637.707,867.2,-100.381,93.92001, -,9.043174
33.9,3637.707,867.2,-91.52381,93.92001, -,9.043174
33.95,3631.514,867.4,-88.57143,93.92001, -,9.043174
34,3625.324,867.6,-91.52381,93.92001, -,9.043174
34.05,3616.038,867.9,-97.42857,93.92001, -,9.043174
34.1,3612.944,868,-94.47619,93.92001, -,9.043174
34.15,3609.851,868.1,-97.42857,93.92001, -,9.043174
34.2,3606.756,868.2,-94.47619,93.92001, -,9.043174
34.25,3606.756,868.2,-88.57143,93.92001, -,9.043174
34.3,3600.569,868.4,-88.57143,93.92001, -,9.043174
34.35,3591.291,868.7,-91.52381,93.92001, -,9.043174
34.4,3594.384,868.6,-85.61905,93.92001, -,9.043174
34.45,3588.199,868.8,-91.52381,93.92001, -,9.043174
34.5,3578.925,869.1,-94.42857,93.92001, -,9.043174
34.55,3588.199,868.8,-76.7619,93.74, -,9.043174
34.6,3578.925,869.1,-88.52381,93.74, -,9.043174
34.65,3566.562,869.5,-97.33334,93.74, -,9.043174
34.7,3575.833,869.2,-79.66666,93.74, -,9.043174
34.75,3560.383,869.7,-94.38095,93.74, -,9.043174
34.8,3548.028,870.1,-100.2381,93.74, -,9.043174
34.85,3551.116,870,-88.42857,93.74, -,9.043174
34.9,3541.852,870.3,-91.33334,93.74, -,9.043174
34.95,3535.677,870.5,-97.2381,93.74, -,9.043174
35,3532.591,870.6,-94.28571,93.74, -,9.043174
35.05,3526.417,870.8,-94.2381,93.74, -,9.043174
35.1,3517.16,871.1,-94.19048,93.74, -,9.043174
35.15,3514.074,871.2,-94.19048,93.74, -,9.043174
35.2,3510.99,871.3,-94.19048,93.74, -,9.043174
35.25,3504.821,871.5,-97.09524,93.74, -,9.043174
35.3,3510.99,871.3,-91.2381,93.74, -,9.043174
35.35,3501.737,871.6,-94.14286,93.74, -,9.043174
35.4,3489.403,872,-97.04762,93.74, -,9.043174
35.45,3489.403,872,-100,93.74, -,9.043174
35.5,3483.238,872.2,-99.95238,93.92001, -,9.062621
35.55,3480.156,872.3,-94.09524,93.92001, -,9.062621
35.6,3477.073,872.4,-105.8571,93.92001, -,9.062621
35.65,3470.912,872.6,-102.9048,93.92001, -,9.062621
35.7,3467.83,872.7,-94.09524,93.92001, -,9.062621
35.75,3458.589,873,-111.7143,93.92001, -,9.062621
35.8,3461.669,872.9,-94.04762,93.92001, -,9.062621
35.85,3455.51,873.1,-88.14286,93.92001, -,9.062621
35.9,3446.271,873.4,-99.90476,93.92001, -,9.062621
35.95,3446.271,873.4,-91.09524,93.92001, -,9.062621
36,3440.116,873.6,-91.04762,93.92001, -,9.062621
36.05,3430.881,873.9,-96.90476,93.92001, -,9.062621
36.1,3424.728,874.1,-96.90476,93.92001, -,9.062621
36.15,3418.575,874.3,-93.95238,93.92001, -,9.062621
36.2,3415.498,874.4,-93.95238,93.92001, -,9.062621
36.25,3412.423,874.5,-93.95238,93.92001, -,9.062621
36.3,3409.348,874.6,-91,93.92001, -,9.062621
36.35,3409.348,874.6,-96.85714,93.92001, -,9.062621
36.4,3397.048,875,-99.7619,93.92001, -,9.062621
36.45,3393.975,875.1,-90.90476,93.92001, -,9.062621
36.5,3393.975,875.1,-90.90476,93.92001, -,9.062621
36.55,3381.68,875.5,-96.7619,93.74, -,9.043174
36.6,3378.608,875.6,-96.71429,93.74, -,9.043174
36.65,3375.535,875.7,-96.66666,93.74, -,9.043174
36.7,3369.391,875.9,-96.66666,93.74, -,9.043174
36.75,3360.177,876.2,-102.4762,93.74, -,9.043174
36.8,3354.036,876.4,-99.52381,93.74, -,9.043174
36.85,3350.967,876.5,-105.381,93.74, -,9.043174
36.9,3354.036,876.4,-96.61905,93.74, -,9.043174
36.95,3347.897,876.6,-93.66666,93.74, -,9.043174
37,3335.62,877,-105.381,93.74, -,9.043174
37.05,3335.62,877,-99.52381,93.74, -,9.043174
37.1,3335.62,877,-90.71429,93.74, -,9.043174
37.15,3323.348,877.4,-96.52381,93.74, -,9.043174
37.2,3317.215,877.6,-96.52381,93.74, -,9.043174
37.25,3311.081,877.8,-99.42857,93.74, -,9.043174
37.3,3304.949,878,-102.3333,93.74, -,9.043174
37.35,3298.818,878.2,-105.2857,93.74, -,9.043174
37.4,3292.688,878.4,-111.1429,93.74, -,9.043174
37.45,3292.688,878.4,-99.42857,93.74, -,9.043174
37.5,3286.561,878.6,-102.381,93.74, -,9.043174
37.55,3286.561,878.6,-102.381,93.74, -,9.043174
37.6,3289.624,878.5,-87.7619,93.74, -,9.043174
37.65,3274.306,879,-99.42857,93.74, -,9.043174
37.7,3265.119,879.3,-105.2857,93.74, -,9.043174
37.75,3262.056,879.4,-102.3333,93.74, -,9.043174
37.8,3255.934,879.6,-99.38095,93.74, -,9.043174
37.85,3249.812,879.8,-99.33334,93.74, -,9.043174
37.9,3243.691,880,-102.2381,93.74, -,9.043174
37.95,3243.691,880,-105.1429,93.74, -,9.043174
38,3243.691,880,-99.28571,93.74, -,9.043174
38.05,3249.812,879.8,-81.7619,93.74, -,9.043174
38.1,3234.512,880.3,-96.33334,93.74, -,9.043174
38.15,3219.22,880.8,-110.9048,93.74, -,9.043174
38.2,3237.571,880.2,-81.7619,93.74, -,9.043174
38.25,3255.934,879.6,-58.42857,93.74, -,9.043174
38.3,3234.512,880.3,-72.95238,93.74, -,9.043174
38.35,3213.104,881,-87.47619,93.74, -,9.043174
38.4,3206.99,881.2,-87.42857,93.74, -,9.043174
38.45,3206.99,881.2,-81.57143,93.74, -,9.043174
38.5,3197.822,881.5,-90.28571,93.74, -,9.043174
38.55,3182.546,882,-99,93.74, -,9.043174
38.6,3173.384,882.3,-107.7143,93.74, -,9.043174
38.65,3170.33,882.4,-113.5238,93.74, -,9.043174
38.7,3164.225,882.6,-104.7619,93.74, -,9.043174
38.75,3155.066,882.9,-104.7143,93.74, -,9.043174
38.8,3155.066,882.9,-101.8095,93.74, -,9.043174
38.85,3152.015,883,-98.90476,93.74, -,9.043174
38.9,3148.965,883.1,-96,93.74, -,9.043174
38.95,3145.912,883.2,-93.09524,93.74, -,9.043174
39,3139.81,883.4,-98.90476,93.74, -,9.043174
39.05,3130.66,883.7,-107.619,93.74, -,9.043174
39.1,3124.561,883.9,-119.2381,93.74, -,9.043174
39.15,3121.513,884,-107.5714,93.74, -,9.043174
39.2,3115.415,884.2,-98.80952,93.74, -,9.043174
39.25,3109.319,884.4,-122.0952,93.74, -,9.043174
39.3,3103.225,884.6,-145.381,93.74, -,9.043174
39.35,3103.225,884.6,-125,93.74, -,9.043174
39.4,3100.177,884.7,-107.5238,93.74, -,9.043174
39.45,3097.131,884.8,-104.619,93.74, -,9.043174
39.5,3087.993,885.1,-113.3333,93.74, -,9.043174
39.55,3081.902,885.3,-110.4286,93.74, -,9.043174
39.6,3075.811,885.5,-101.6667,93.74, -,9.043174
39.65,3072.768,885.6,-95.85714,93.74, -,9.043174
39.7,3066.679,885.8,-98.7619,93.74, -,9.043174
39.75,3060.591,886,-98.7619,93.74, -,9.043174
39.8,3054.505,886.2,-95.85714,93.74, -,9.043174
39.85,3048.42,886.4,-101.6667,93.74, -,9.043174
39.9,3042.337,886.6,-104.5714,93.74, -,9.043174
39.95,3039.295,886.7,-104.5714,93.74, -,9.043174
40,3036.254,886.8,-104.5714,93.74, -,9.043174
40.05,3030.172,887,-104.5714,93.74, -,9.043174
40.1,3027.133,887.1,-98.7619,93.74, -,9.043174
40.15,3024.092,887.2,-95.85714,93.74, -,9.043174
40.2,3024.092,887.2,-92.95238,93.74, -,9.043174
40.25,3021.052,887.3,-90.04762,93.74, -,9.043174
40.3,3014.973,887.5,-90.04762,93.74, -,9.043174
40.35,3008.895,887.7,-90.04762,93.74, -,9.043174
40.4,3002.818,887.9,-95.85714,93.74, -,9.043174
40.45,2999.781,888,-95.85714,93.74, -,9.043174
40.5,2993.706,888.2,-98.7619,93.74, -,9.043174
40.55,2987.632,888.4,-95.80952,93.74, -,9.043174
40.6,2984.596,888.5,-92.90476,93.74, -,9.043174
40.65,2978.523,888.7,-92.85714,93.74, -,9.043174
40.7,2972.452,888.9,-95.71429,93.74, -,9.043174
40.75,2969.418,889,-92.80952,93.74, -,9.043174
40.8,2963.348,889.2,-92.7619,93.74, -,9.043174
40.85,2954.246,889.5,-95.61905,93.74, -,9.043174
40.9,2948.179,889.7,-95.57143,93.74, -,9.043174
40.95,2942.114,889.9,-95.52381,93.74, -,9.043174
41,2936.051,890.1,-98.38095,93.74, -,9.043174
41.05,2929.987,890.3,-101.2381,93.74, -,9.043174
41.1,2926.955,890.4,-98.33334,93.74, -,9.043174
41.15,2923.924,890.5,-98.33334,93.74, -,9.043174
41.2,2920.895,890.6,-98.33334,93.74, -,9.043174
41.25,2917.863,890.7,-101.2381,93.74, -,9.043174
41.3,2917.863,890.7,-98.33334,93.74, -,9.043174
41.35,2911.802,890.9,-98.28571,93.74, -,9.043174
41.4,2905.745,891.1,-98.2381,93.74, -,9.043174
41.45,2902.715,891.2,-95.33334,93.74, -,9.043174
41.5,2893.63,891.5,-101.0952,93.74, -,9.043174
41.55,2887.574,891.7,-101.0476,93.74, -,9.043174
41.6,2881.519,891.9,-101.0476,93.74, -,9.043174
41.65,2878.493,892,-101.0476,93.74, -,9.043174
41.7,2878.493,892,-95.28571,93.74, -,9.043174
41.75,2878.493,892,-89.52381,93.74, -,9.043174
41.8,2875.467,892.1,-89.52381,93.74, -,9.043174
41.85,2866.388,892.4,-92.42857,93.74, -,9.043174
41.9,2854.289,892.8,-95.28571,93.74, -,9.043174
41.95,2842.192,893.2,-101.0476,93.74, -,9.043174
42,2836.145,893.4,-101.0476,93.74, -,9.043174
42.05,2830.102,893.6,-101.0476,93.74, -,9.043174
42.1,2827.078,893.7,-98.14286,93.74, -,9.043174
42.15,2824.057,893.8,-98.09524,93.74, -,9.043174
42.2,2821.034,893.9,-98.04762,93.74, -,9.043174
42.25,2814.994,894.1,-100.9048,93.74, -,9.043174
42.3,2811.972,894.2,-100.8571,93.74, -,9.043174
42.35,2805.93,894.4,-106.619,93.74, -,9.043174
42.4,2805.93,894.4,-100.8571,93.74, -,9.043174
42.45,2802.911,894.5,-97.95238,93.74, -,9.043174
42.5,2802.911,894.5,-95.04762,93.74, -,9.043174
42.55,2799.892,894.6,-89.2381,93.74, -,9.043174
42.6,2793.853,894.8,-89.2381,93.74, -,9.043174
42.65,2787.815,895,-89.2381,93.74, -,9.043174
42.7,2778.761,895.3,-94.95238,93.74, -,9.043174
42.75,2769.71,895.6,-103.5714,93.74, -,9.043174
42.8,2763.677,895.8,-109.3333,93.74, -,9.043174
42.85,2757.644,896,-112.1905,93.74, -,9.043174
42.9,2754.629,896.1,-106.381,93.74, -,9.043174
42.95,2751.613,896.2,-97.71429,93.74, -,9.043174
43,2742.569,896.5,-94.80952,93.74, -,9.043174
43.05,2739.555,896.6,-91.90476,93.74, -,9.043174
43.1,2733.527,896.8,-91.90476,93.74, -,9.043174
43.15,2730.513,896.9,-91.90476,93.74, -,9.043174
43.2,2727.5,897,-91.90476,93.74, -,9.043174
43.25,2724.488,897.1,-91.90476,93.74, -,9.043174
43.3,2718.463,897.3,-91.90476,93.74, -,9.043174
43.35,2709.428,897.6,-97.66666,93.74, -,9.043174
43.4,2706.416,897.7,-94.7619,93.74, -,9.043174
43.45,2700.393,897.9,-100.4762,93.74, -,9.043174
43.5,2691.363,898.2,-106.2381,93.74, -,9.043174
43.55,2688.354,898.3,-109.0952,93.74, -,9.043174
43.6,2685.344,898.4,-109.0952,93.74, -,9.043174
43.65,2682.335,898.5,-106.1905,93.74, -,9.043174
43.7,2676.318,898.7,-106.1429,93.74, -,9.043174
43.75,2670.301,898.9,-103.2381,93.74, -,9.043174
43.8,2670.301,898.9,-94.61905,93.74, -,9.043174
43.85,2667.294,899,-91.71429,93.74, -,9.043174
43.9,2658.273,899.3,-94.52381,93.74, -,9.043174
43.95,2652.26,899.5,-97.38095,93.74, -,9.043174
44,2649.254,899.6,-97.38095,93.74, -,9.043174
44.05,2643.242,899.8,-94.47619,93.74, -,9.043174
44.1,2637.232,900,-97.33334,93.74, -,9.043174
44.15,2634.228,900.1,-94.42857,93.74, -,9.043174
44.2,2634.228,900.1,-91.57143,93.74, -,9.043174
44.25,2628.219,900.3,-94.42857,93.74, -,9.043174
44.3,2619.208,900.6,-100.1429,93.74, -,9.043174
44.35,2616.204,900.7,-97.2381,93.74, -,9.043174
44.4,2610.198,900.9,-94.33334,93.74, -,9.043174
44.45,2607.196,901,-94.33334,93.74, -,9.043174
44.5,2604.195,901.1,-91.47619,93.74, -,9.043174
44.55,2601.192,901.2,-85.71429,93.74, -,9.043174
44.6,2598.191,901.3,-85.71429,93.74, -,9.043174
44.65,2592.188,901.5,-88.57143,93.74, -,9.043174
44.7,2586.187,901.7,-91.42857,93.74, -,9.043174
44.75,2580.187,901.9,-91.42857,93.74, -,9.043174
44.8,2574.189,902.1,-91.42857,93.74, -,9.043174
44.85,2568.191,902.3,-97.14286,93.74, -,9.043174
44.9,2565.191,902.4,-97.14286,93.74, -,9.043174
44.95,2571.189,902.2,-82.85714,93.74, -,9.043174
45,2568.191,902.3,-80,93.74, -,9.043174
45.05,2556.198,902.7,-88.57143,93.74, -,9.043174
45.1,2556.198,902.7,-82.85714,93.74, -,9.043174
45.15,2568.191,902.3,-65.71429,93.74, -,9.043174
45.2,2580.187,901.9,-51.42857,93.74, -,9.043174
45.25,2562.194,902.5,-68.57143,93.74, -,9.043174
45.3,2535.22,903.4,-88.52381,93.74, -,9.043174
45.35,2523.241,903.8,-91.38095,93.74, -,9.043174
45.4,2529.231,903.6,-82.80952,93.74, -,9.043174
45.45,2532.226,903.5,-74.2381,93.74, -,9.043174
45.5,2517.251,904,-85.61905,93.74, -,9.043174
45.55,2508.271,904.3,-91.33334,93.74, -,9.043174
45.6,2508.271,904.3,-88.47619,93.74, -,9.043174
45.65,2511.263,904.2,-82.7619,93.74, -,9.043174
45.7,2505.276,904.4,-82.7619,93.74, -,9.043174
45.75,2493.307,904.8,-88.42857,93.74, -,9.043174
45.8,2487.324,905,-88.42857,93.74, -,9.043174
45.85,2484.333,905.1,-85.57143,93.74, -,9.043174
45.9,2481.341,905.2,-82.71429,93.74, -,9.043174
45.95,2475.359,905.4,-85.57143,93.74, -,9.043174
46,2469.381,905.6,-97,93.74, -,9.043174
46.05,2463.401,905.8,-99.85714,93.74, -,9.043174
46.1,2463.401,905.8,-88.42857,93.74, -,9.043174
46.15,2478.351,905.3,-74.19048,93.74, -,9.043174
46.2,2484.333,905.1,-79.90476,93.74, -,9.043174
46.25,2478.351,905.3,-97.04762,93.74, -,9.043174
46.3,2463.401,905.8,-94.14286,93.74, -,9.043174
46.35,2445.469,906.4,-85.57143,93.74, -,9.043174
46.4,2430.534,906.9,-88.38095,93.74, -,9.043174
46.45,2427.548,907,-96.95238,93.74, -,9.043174
46.5,2418.592,907.3,-108.3333,93.74, -,9.043174
46.55,2415.605,907.4,-96.95238,93.74, -,9.043174
46.6,2415.605,907.4,-88.38095,93.74, -,9.043174
46.65,2409.637,907.6,-94.04762,93.74, -,9.043174
46.7,2403.668,907.8,-102.5714,93.74, -,9.043174
46.75,2397.7,908,-102.5238,93.74, -,9.043174
46.8,2391.734,908.2,-96.80952,93.74, -,9.043174
46.85,2388.752,908.3,-93.95238,93.74, -,9.043174
46.9,2385.768,908.4,-93.95238,93.74, -,9.043174
46.95,2382.787,908.5,-93.95238,93.74, -,9.043174
47,2379.805,908.6,-91.09524,93.74, -,9.043174
47.05,2376.823,908.7,-88.2381,93.74, -,9.043174
47.1,2373.842,908.8,-85.38095,93.74, -,9.043174
47.15,2370.86,908.9,-88.2381,93.74, -,9.043174
47.2,2370.86,908.9,-102.4762,93.74, -,9.043174
47.25,2367.879,909,-111.0476,93.74, -,9.043174
47.3,2364.899,909.1,-108.1905,93.74, -,9.043174
47.35,2367.879,909,-91.09524,93.74, -,9.043174
47.4,2367.879,909,-74,93.74, -,9.043174
47.45,2367.879,909,-59.76191,93.74, -,9.043174
47.5,2361.918,909.2,-62.57143,93.74, -,9.043174
47.55,2355.958,909.4,-59.71429,93.74, -,9.043174
47.6,2350,909.6,-62.52381,93.74, -,9.043174
47.65,2341.063,909.9,-71.04762,93.74, -,9.043174
47.7,2329.152,910.3,-76.71429,93.74, -,9.043174
47.75,2320.222,910.6,-79.57143,93.74, -,9.043174
47.8,2311.292,910.9,-82.42857,93.74, -,9.043174
47.85,2305.342,911.1,-82.42857,93.74, -,9.043174
47.9,2299.392,911.3,-85.2381,93.74, -,9.043174
47.95,2290.469,911.6,-90.85714,93.74, -,9.043174
48,2284.522,911.8,-93.66666,93.74, -,9.043174
48.05,2278.575,912,-96.47619,93.74, -,9.043174
48.1,2275.603,912.1,-96.42857,93.74, -,9.043174
48.15,2269.658,912.3,-99.2381,93.74, -,9.043174
48.2,2266.685,912.4,-99.19048,93.74, -,9.043174
48.25,2263.714,912.5,-102,93.74, -,9.043174
48.3,2257.771,912.7,-104.8095,93.74, -,9.043174
48.35,2251.83,912.9,-107.619,93.74, -,9.043174
48.4,2245.891,913.1,-116.1429,93.74, -,9.043174
48.45,2242.92,913.2,-118.9524,93.74, -,9.043174
48.5,2236.981,913.4,-124.619,93.74, -,9.043174
48.55,2234.012,913.5,-121.7619,93.74, -,9.062621
48.6,2234.012,913.5,-116.0952,93.74, -,9.062621
48.65,2234.012,913.5,-110.4286,93.74, -,9.062621
48.7,2234.012,913.5,-101.9048,93.74, -,9.062621
48.75,2231.044,913.6,-93.38095,93.74, -,9.062621
48.8,2225.107,913.8,-90.52381,93.74, -,9.062621
48.85,2213.236,914.2,-93.28571,93.74, -,9.062621
48.9,2204.337,914.5,-96.09524,93.74, -,9.062621
48.95,2198.404,914.7,-96.09524,93.74, -,9.062621
49,2192.473,914.9,-93.28571,93.74, -,9.062621
49.05,2186.544,915.1,-93.28571,93.74, -,9.062621
49.1,2186.544,915.1,-87.61905,93.74, -,9.062621
49.15,2180.615,915.3,-90.47619,93.74, -,9.062621
49.2,2180.615,915.3,-84.80952,93.74, -,9.062621
49.25,2177.65,915.4,-84.80952,93.74, -,9.062621
49.3,2174.687,915.5,-84.80952,93.74, -,9.062621
49.35,2165.798,915.8,-87.61905,93.74, -,9.062621
49.4,2156.911,916.1,-90.42857,93.74, -,9.062621
49.45,2150.987,916.3,-90.38095,93.74, -,9.062621
49.5,2142.104,916.6,-96.04762,93.56, -,9.043174
49.55,2139.142,916.7,-93.19048,93.56, -,9.043174
49.6,2136.182,916.8,-93.19048,93.56, -,9.043174
49.65,2133.221,916.9,-96,93.56, -,9.043174
49.7,2130.262,917,-98.80952,93.56, -,9.043174
49.75,2124.343,917.2,-104.4286,93.56, -,9.043174
49.8,2121.385,917.3,-104.4286,93.56, -,9.043174
49.85,2115.467,917.5,-104.381,93.56, -,9.043174
49.9,2112.509,917.6,-95.90476,93.56, -,9.043174
49.95,2106.593,917.8,-93.04762,93.56, -,9.043174
50,2100.678,918,-93,93.56, -,9.043174
50.05,2094.764,918.2,-92.95238,93.56, -,9.043174
50.1,2088.851,918.4,-92.90476,93.56, -,9.043174
50.15,2085.896,918.5,-95.71429,93.56, -,9.043174
50.2,2079.984,918.7,-95.66666,93.56, -,9.043174
50.25,2074.074,918.9,-101.2857,93.56, -,9.043174
50.3,2074.074,918.9,-98.47619,93.56, -,9.043174
50.35,2074.074,918.9,-95.66666,93.56, -,9.043174
50.4,2077.03,918.8,-84.38095,93.56, -,9.043174
50.45,2079.984,918.7,-73.09524,93.56, -,9.043174
50.5,2079.984,918.7,-67.47619,93.56, -,9.043174
50.55,2074.074,918.9,-64.61905,93.74, -,9.043174
50.6,2062.258,919.3,-73.04762,93.74, -,9.043174
50.65,2050.445,919.7,-81.47619,93.74, -,9.043174
50.7,2038.637,920.1,-89.90476,93.74, -,9.043174
50.75,2032.734,920.3,-92.71429,93.74, -,9.043174
50.8,2032.734,920.3,-87.09524,93.74, -,9.043174
50.85,2026.832,920.5,-89.90476,93.74, -,9.043174
50.9,2023.882,920.6,-87.09524,93.74, -,9.043174
50.95,2017.982,920.8,-89.90476,93.74, -,9.043174
51,2015.031,920.9,-87.09524,93.74, -,9.043174
51.05,2006.184,921.2,-89.90476,93.74, -,9.043174
51.1,1997.339,921.5,-92.71429,93.74, -,9.043174
51.15,1991.443,921.7,-92.71429,93.74, -,9.043174
51.2,1985.548,921.9,-95.52381,93.74, -,9.043174
51.25,1982.602,922,-92.71429,93.74, -,9.043174
51.3,1979.656,922.1,-89.90476,93.74, -,9.043174
51.35,1976.709,922.2,-92.71429,93.74, -,9.043174
51.4,1973.764,922.3,-95.52381,93.74, -,9.043174
51.45,1970.817,922.4,-101.1429,93.74, -,9.043174
51.5,1964.927,922.6,-109.5714,93.56, -,9.043174
51.55,1959.037,922.8,-115.1905,93.56, -,9.043174
51.6,1956.092,922.9,-112.381,93.56, -,9.043174
51.65,1950.205,923.1,-106.7619,93.56, -,9.043174
51.7,1947.26,923.2,-98.33334,93.56, -,9.043174
51.75,1944.317,923.3,-89.90476,93.56, -,9.043174
51.8,1944.317,923.3,-84.28571,93.56, -,9.043174
51.85,1941.373,923.4,-87.09524,93.56, -,9.043174
51.9,1938.431,923.5,-84.28571,93.56, -,9.043174
51.95,1935.489,923.6,-84.28571,93.56, -,9.043174
52,1929.604,923.8,-84.28571,93.56, -,9.043174
52.05,1926.661,923.9,-84.28571,93.56, -,9.043174
52.1,1920.779,924.1,-81.47619,93.56, -,9.043174
52.15,1914.897,924.3,-78.66666,93.56, -,9.043174
52.2,1909.015,924.5,-78.66666,93.56, -,9.043174
52.25,1900.196,924.8,-81.42857,93.56, -,9.043174
52.3,1894.317,925,-84.2381,93.56, -,9.043174
52.35,1885.502,925.3,-89.80952,93.56, -,9.043174
52.4,1882.563,925.4,-89.80952,93.56, -,9.043174
52.45,1879.626,925.5,-89.80952,93.56, -,9.043174
52.5,1873.751,925.7,-92.61905,93.56, -,9.043174
52.55,1867.876,925.9,-92.57143,93.74, -,9.043174
52.6,1862.005,926.1,-92.52381,93.74, -,9.043174
52.65,1856.133,926.3,-95.28571,93.74, -,9.043174
52.7,1853.196,926.4,-92.47619,93.74, -,9.043174
52.75,1850.262,926.5,-92.47619,93.74, -,9.043174
52.8,1847.328,926.6,-92.47619,93.74, -,9.043174
52.85,1847.328,926.6,-92.47619,93.74, -,9.043174
52.9,1844.392,926.7,-92.47619,93.74, -,9.043174
52.95,1847.328,926.6,-86.85714,93.74, -,9.043174
53,1847.328,926.6,-84.04762,93.74, -,9.043174
53.05,1841.458,926.8,-84,93.74, -,9.043174
53.1,1838.523,926.9,-84,93.74, -,9.043174
53.15,1829.722,927.2,-86.7619,93.74, -,9.043174
53.2,1823.855,927.4,-86.71429,93.74, -,9.043174
53.25,1812.127,927.8,-92.28571,93.74, -,9.043174
53.3,1803.334,928.1,-92.28571,93.74, -,9.043174
53.35,1797.472,928.3,-92.2381,93.74, -,9.043174
53.4,1794.54,928.4,-86.66666,93.74, -,9.043174
53.45,1788.682,928.6,-89.42857,93.74, -,9.043174
53.5,1785.751,928.7,-89.42857,93.56, -,9.043174
53.55,1785.751,928.7,-83.80952,93.56, -,9.043174
53.6,1785.751,928.7,-78.2381,93.56, -,9.043174
53.65,1782.822,928.8,-75.47619,93.56, -,9.043174
53.7,1782.822,928.8,-69.90476,93.56, -,9.043174
53.75,1776.964,929,-72.66666,93.56, -,9.043174
53.8,1771.107,929.2,-75.42857,93.56, -,9.043174
53.85,1759.397,929.6,-83.7619,93.56, -,9.043174
53.9,1750.615,929.9,-92.14286,93.56, -,9.043174
53.95,1741.838,930.2,-97.71429,93.56, -,9.043174
54,1735.986,930.4,-106.0952,93.56, -,9.043174
54.05,1730.138,930.6,-111.6667,93.56, -,9.043174
54.1,1727.213,930.7,-108.9048,93.56, -,9.043174
54.15,1724.289,930.8,-108.8571,93.56, -,9.043174
54.2,1724.289,930.8,-100.4762,93.56, -,9.043174
54.25,1715.518,931.1,-103.2381,93.56, -,9.043174
54.3,1709.672,931.3,-97.61905,93.56, -,9.043174
54.35,1700.904,931.6,-97.57143,93.56, -,9.043174
54.4,1695.06,931.8,-97.57143,93.56, -,9.043174
54.45,1692.138,931.9,-97.52381,93.56, -,9.043174
54.5,1692.138,931.9,-91.95238,93.56, -,9.043174
54.55,1692.138,931.9,-89.14286,93.56, -,9.043174
54.6,1689.217,932,-91.90476,93.56, -,9.043174
54.65,1683.375,932.2,-97.47619,93.56, -,9.043174
54.7,1674.615,932.5,-103,93.56, -,9.043174
54.75,1668.776,932.7,-108.5714,93.56, -,9.043174
54.8,1660.019,933,-111.3333,93.56, -,9.043174
54.85,1657.102,933.1,-108.5238,93.56, -,9.043174
54.9,1654.182,933.2,-100.1429,93.56, -,9.043174
54.95,1651.265,933.3,-94.52381,93.56, -,9.043174
55,1651.265,933.3,-86.14286,93.56, -,9.043174
55.05,1648.346,933.4,-83.33334,93.56, -,9.043174
55.1,1639.595,933.7,-86.09524,93.56, -,9.043174
55.15,1630.847,934,-91.61905,93.56, -,9.043174
55.2,1625.015,934.2,-94.42857,93.56, -,9.043174
55.25,1619.184,934.4,-100,93.56, -,9.043174
55.3,1613.356,934.6,-97.2381,93.56, -,9.043174
55.35,1607.527,934.8,-97.2381,93.56, -,9.043174
55.4,1604.612,934.9,-91.66666,93.56, -,9.043174
55.45,1598.786,935.1,-91.66666,93.56, -,9.043174
55.5,1592.96,935.3,-94.47619,93.56, -,9.043174
55.55,1587.135,935.5,-100.0476,93.56, -,9.043174
55.6,1581.31,935.7,-105.5714,93.56, -,9.043174
55.65,1578.4,935.8,-105.5714,93.56, -,9.043174
55.7,1575.487,935.9,-102.7619,93.56, -,9.043174
55.75,1569.667,936.1,-99.95238,93.56, -,9.043174
55.8,1566.755,936.2,-97.14286,93.56, -,9.043174
55.85,1560.934,936.4,-94.33334,93.56, -,9.043174
55.9,1555.116,936.6,-97.09524,93.56, -,9.043174
55.95,1555.116,936.6,-94.33334,93.56, -,9.043174
56,1552.206,936.7,-94.33334,93.56, -,9.043174
56.05,1552.206,936.7,-94.33334,93.56, -,9.043174
56.1,1552.206,936.7,-91.57143,93.56, -,9.043174
56.15,1555.116,936.6,-80.47619,93.56, -,9.043174
56.2,1555.116,936.6,-72.14286,93.56, -,9.043174
56.25,1549.297,936.8,-72.09524,93.56, -,9.043174
56.3,1537.663,937.2,-77.61905,93.56, -,9.043174
56.35,1523.126,937.7,-85.90476,93.56, -,9.043174
56.4,1514.408,938,-88.61905,93.56, -,9.043174
56.45,1508.596,938.2,-91.38095,93.56, -,9.043174
56.5,1505.691,938.3,-88.57143,93.56, -,9.043174
56.55,1499.881,938.5,-88.52381,93.56, -,9.043174
56.6,1491.169,938.8,-91.2381,93.56, -,9.043174
56.65,1494.072,938.7,-82.95238,93.56, -,9.043174
56.7,1508.596,938.2,-66.38095,93.56, -,9.043174
56.75,1528.941,937.5,-44.23809,93.56, -,9.043174
56.8,1528.941,937.5,-38.71429,93.56, -,9.043174
56.85,1505.691,938.3,-58.09524,93.56, -,9.043174
56.9,1482.458,939.1,-74.71429,93.56, -,9.043174
56.95,1467.946,939.6,-83,93.56, -,9.043174
57,1465.043,939.7,-85.7619,93.56, -,9.043174
57.05,1456.339,940,-91.28571,93.56, -,9.043174
57.1,1453.439,940.1,-94.04762,93.56, -,9.043174
57.15,1444.737,940.4,-102.3333,93.56, -,9.043174
57.2,1441.838,940.5,-107.8571,93.56, -,9.043174
57.25,1436.038,940.7,-113.381,93.56, -,9.043174
57.3,1433.14,940.8,-110.619,93.56, -,9.043174
57.35,1427.342,941,-105.0476,93.56, -,9.043174
57.4,1427.342,941,-91.19048,93.56, -,9.043174
57.45,1427.342,941,-82.90476,93.56, -,9.043174
57.5,1421.546,941.2,-82.90476,93.56, -,9.043174
57.55,1415.75,941.4,-85.66666,93.56, -,9.043174
57.6,1409.957,941.6,-85.66666,93.56, -,9.043174
57.65,1404.163,941.8,-82.90476,93.56, -,9.043174
57.7,1398.37,942,-91.19048,93.56, -,9.043174
57.75,1395.475,942.1,-107.7619,93.56, -,9.043174
57.8,1389.684,942.3,-132.6667,93.56, -,9.043174
57.85,1383.894,942.5,-138.1905,93.56, -,9.043174
57.9,1381,942.6,-118.8095,93.56, -,9.043174
57.95,1378.104,942.7,-99.42857,93.56, -,9.043174
58,1375.211,942.8,-88.38095,93.56, -,9.043174
58.05,1375.211,942.8,-85.61905,93.56, -,9.043174
58.1,1375.211,942.8,-77.33334,93.56, -,9.043174
58.15,1381,942.6,-69.04762,93.56, -,9.043174
58.2,1381,942.6,-60.76191,93.56, -,9.043174
58.25,1372.316,942.9,-66.28571,93.56, -,9.043174
58.3,1360.745,943.3,-71.7619,93.56, -,9.043174
58.35,1354.959,943.5,-74.52381,93.56, -,9.043174
58.4,1346.284,943.8,-77.28571,93.56, -,9.043174
58.45,1343.392,943.9,-80.04762,93.56, -,9.043174
58.5,1334.719,944.2,-88.28571,93.56, -,9.043174
58.55,1331.83,944.3,-85.52381,93.56, -,9.043174
58.6,1328.939,944.4,-82.7619,93.56, -,9.043174
58.65,1328.939,944.4,-77.2381,93.56, -,9.043174
58.7,1328.939,944.4,-71.71429,93.56, -,9.043174
58.75,1326.049,944.5,-68.95238,93.56, -,9.043174
58.8,1323.161,944.6,-68.95238,93.56, -,9.043174
58.85,1311.604,945,-74.42857,93.56, -,9.043174
58.9,1305.827,945.2,-74.42857,93.56, -,9.043174
58.95,1294.278,945.6,-82.66666,93.56, -,9.043174
59,1285.617,945.9,-88.14286,93.56, -,9.043174
59.05,1279.846,946.1,-90.85714,93.56, -,9.043174
59.1,1274.075,946.3,-96.33334,93.56, -,9.043174
59.15,1268.304,946.5,-101.8095,93.56, -,9.043174
59.2,1262.535,946.7,-112.8095,93.56, -,9.043174
59.25,1256.766,946.9,-118.2857,93.56, -,9.043174
59.3,1253.883,947,-112.7619,93.56, -,9.043174
59.35,1248.116,947.2,-107.2381,93.56, -,9.043174
59.4,1245.234,947.3,-104.4762,93.56, -,9.043174
59.45,1239.469,947.5,-101.6667,93.56, -,9.043174
59.5,1233.704,947.7,-104.381,93.56, -,9.043174
59.55,1227.941,947.9,-101.619,93.56, -,9.043174
59.6,1222.18,948.1,-104.3333,93.56, -,9.043174
59.65,1219.298,948.2,-104.3333,93.56, -,9.043174
59.7,1216.418,948.3,-107.0952,93.56, -,9.043174
59.75,1213.537,948.4,-109.8571,93.56, -,9.043174
59.8,1207.779,948.6,-112.5714,93.56, -,9.043174
59.85,1204.898,948.7,-112.5714,93.56, -,9.043174
59.9,1199.14,948.9,-107.0476,93.56, -,9.043174
59.95,1193.384,949.1,-107,93.56, -,9.043174
60,1190.504,949.2,-98.7619,93.56, -,9.043174
60.05,1184.748,949.4,-96,93.56, -,9.043174
60.1,1178.995,949.6,-96,93.56, -,9.043174
60.15,1176.117,949.7,-93.28571,93.56, -,9.043174
60.2,1170.363,949.9,-93.28571,93.56, -,9.043174
60.25,1164.612,950.1,-93.28571,93.56, -,9.043174
60.3,1158.86,950.3,-93.28571,93.56, -,9.043174
60.35,1155.984,950.4,-93.28571,93.56, -,9.043174
60.4,1150.235,950.6,-93.28571,93.56, -,9.043174
60.45,1150.235,950.6,-90.52381,93.56, -,9.043174
60.5,1147.36,950.7,-87.80952,93.56, -,9.043174
60.55,1141.611,950.9,-87.80952,93.56, -,9.043174
60.6,1138.738,951,-85.04762,93.56, -,9.043174
60.65,1132.99,951.2,-85.04762,93.56, -,9.043174
60.7,1127.244,951.4,-87.7619,93.56, -,9.043174
60.75,1121.5,951.6,-90.47619,93.56, -,9.043174
60.8,1115.756,951.8,-93.19048,93.56, -,9.043174
60.85,1112.883,951.9,-90.42857,93.56, -,9.043174
60.9,1107.142,952.1,-93.14286,93.56, -,9.043174
60.95,1104.27,952.2,-90.38095,93.56, -,9.043174
61,1098.529,952.4,-90.38095,93.56, -,9.043174
61.05,1092.79,952.6,-93.09524,93.56, -,9.043174
61.1,1084.18,952.9,-95.80952,93.56, -,9.043174
61.15,1078.444,953.1,-95.80952,93.56, -,9.043174
61.2,1072.707,953.3,-98.52381,93.56, -,9.043174
61.25,1066.971,953.5,-98.52381,93.56, -,9.043174
61.3,1061.236,953.7,-98.52381,93.56, -,9.043174
61.35,1058.369,953.8,-95.7619,93.56, -,9.043174
61.4,1052.636,954,-98.47619,93.56, -,9.043174
61.45,1049.77,954.1,-95.71429,93.56, -,9.043174
61.5,1044.038,954.3,-101.1905,93.56, -,9.043174
61.55,1046.903,954.2,-95.71429,93.56, -,9.043174
61.6,1046.903,954.2,-90.2381,93.56, -,9.043174
61.65,1041.171,954.4,-93,93.56, -,9.043174
61.7,1032.577,954.7,-95.71429,93.56, -,9.043174
61.75,1023.984,955,-98.42857,93.56, -,9.043174
61.8,1015.393,955.3,-101.1429,93.56, -,9.043174
61.85,1012.529,955.4,-98.38095,93.56, -,9.043174
61.9,1012.529,955.4,-95.66666,93.56, -,9.043174
61.95,1006.805,955.6,-95.61905,93.56, -,9.043174
62,1001.08,955.8,-98.33334,93.56, -,9.043174
62.05,992.4954,956.1,-101.0476,93.56, -,9.043174
62.1,986.7729,956.3,-101,93.56, -,9.043174
62.15,978.1918,956.6,-101,93.56, -,9.043174
62.2,975.3308,956.7,-98.2381,93.56, -,9.043174
62.25,969.6112,956.9,-98.19048,93.56, -,9.043174
62.3,966.7527,957,-95.42857,93.56, -,9.043174
62.35,963.8943,957.1,-92.66666,93.56, -,9.043174
62.4,963.8943,957.1,-89.95238,93.56, -,9.043174
62.45,961.0345,957.2,-87.19048,93.56, -,9.043174
62.5,949.6029,957.6,-95.38095,93.56, -,9.043174
62.55,943.8877,957.8,-95.33334,93.56, -,9.023726
62.6,941.0295,957.9,-100.7619,93.56, -,9.023726
62.65,941.0295,957.9,-100.7619,93.56, -,9.023726
62.7,938.1734,958,-98,93.56, -,9.023726
62.75,935.3175,958.1,-92.52381,93.56, -,9.023726
62.8,926.7477,958.4,-92.47619,93.56, -,9.023726
62.85,918.1819,958.7,-92.42857,93.56, -,9.023726
62.9,912.472,958.9,-95.14286,93.56, -,9.023726
62.95,909.6183,959,-97.85714,93.56, -,9.023726
63,906.7648,959.1,-95.14286,93.56, -,9.023726
63.05,898.2023,959.4,-97.85714,93.56, -,9.023726
63.1,892.4975,959.6,-95.09524,93.56, -,9.023726
63.15,886.7919,959.8,-95.09524,93.56, -,9.023726
63.2,881.0873,960,-92.33334,93.56, -,9.023726
63.25,878.2362,960.1,-92.33334,93.56, -,9.023726
63.3,875.3836,960.2,-89.61905,93.56, -,9.023726
63.35,872.533,960.3,-89.61905,93.56, -,9.023726
63.4,869.6809,960.4,-89.61905,93.56, -,9.023726
63.45,861.1295,960.7,-97.7619,93.56, -,9.023726
63.5,855.4293,960.9,-100.4762,93.56, -,9.062621
63.55,849.7316,961.1,-95,93.56, -,9.062621
63.6,841.1836,961.4,-97.71429,93.56, -,9.062621
63.65,835.4883,961.6,-100.4286,93.56, -,9.062621
63.7,832.6394,961.7,-103.1429,93.56, -,9.062621
63.75,826.9439,961.9,-105.8571,93.56, -,9.062621
63.8,821.2511,962.1,-108.5714,93.56, -,9.062621
63.85,815.5575,962.3,-105.8571,93.56, -,9.062621
63.9,809.8649,962.5,-103.1429,93.56, -,9.062621
63.95,807.0198,962.6,-100.4286,93.56, -,9.062621
64,801.3286,962.8,-103.1429,93.56, -,9.062621
64.05,798.4825,962.9,-103.1429,93.56, -,9.062621
64.1,792.7945,963.1,-100.4286,93.56, -,9.062621
64.15,792.7945,963.1,-95,93.56, -,9.062621
64.2,789.9491,963.2,-92.28571,93.56, -,9.062621
64.25,787.1057,963.3,-89.57143,93.56, -,9.062621
64.3,784.2608,963.4,-89.57143,93.56, -,9.062621
64.35,781.4178,963.5,-89.57143,93.56, -,9.062621
64.4,778.5752,963.6,-89.57143,93.56, -,9.062621
64.45,775.731,963.7,-89.57143,93.56, -,9.062621
64.5,770.045,963.9,-86.85714,93.56, -,9.062621
64.55,761.5189,964.2,-89.57143,93.56, -,9.062621
64.6,752.9948,964.5,-92.2381,93.56, -,9.062621
64.65,744.4728,964.8,-92.19048,93.56, -,9.062621
64.7,735.953,965.1,-94.85714,93.56, -,9.062621
64.75,730.2737,965.3,-97.57143,93.56, -,9.062621
64.8,724.5955,965.5,-97.57143,93.56, Main,9.062621
64.85,565.999,971.1,-243.1905,93.56, -,9.062621
64.9,804.1732,962.7,-10.95238,93.56, -,9.062621
64.95,713.2418,965.9,-92.14286,93.56, -,9.062621
65,704.7298,966.2,-97.52381,93.56, -,9.062621
65.05,699.0558,966.4,-97.47619,93.56, -,9.062621
65.1,693.3845,966.6,-100.1429,93.56, -,9.062621
65.15,690.5474,966.7,-97.42857,93.56, -,9.062621
65.2,687.7123,966.8,-100.1429,93.56, -,9.062621
65.25,684.8758,966.9,-100.1429,93.56, -,9.062621
65.3,684.8758,966.9,-97.42857,93.56, -,9.062621
65.35,682.0412,967,-97.42857,93.56, -,9.062621
65.4,684.8758,966.9,-92,93.56, -,9.062621
65.45,699.0558,966.4,-75.7619,93.56, -,9.062621
65.5,710.4048,966,-62.23809,93.56, -,9.043174
65.55,699.0558,966.4,-67.61905,93.56, -,9.043174
65.6,667.8683,967.5,-89.19048,93.56, -,9.043174
65.65,679.2068,967.1,-70.28571,93.56, -,9.043174
65.7,665.0352,967.6,-75.66666,93.56, -,9.043174
65.75,648.0359,968.2,-83.7619,93.56, -,9.043174
65.8,645.2043,968.3,-81.04762,93.56, -,9.043174
65.85,636.7095,968.6,-83.71429,93.56, -,9.043174
65.9,625.3852,969,56.57143,93.56, -,9.043174
65.95,619.7245,969.2,-175.619,93.56, -,9.043174
66,616.8953,969.3,-91.71429,93.56, -,9.043174
66.05,611.236,969.5,-89,93.56, -,9.043174
66.1,611.236,969.5,-83.61905,93.56, -,9.043174
66.15,611.236,969.5,-78.2381,93.56, -,9.043174
66.2,619.7245,969.2,-67.42857,93.56, -,9.043174
66.25,622.5556,969.1,-62,93.56, -,9.043174
66.3,611.236,969.5,-70.04762,93.56, -,9.043174
66.35,588.6099,970.3,-91.61905,93.56, -,9.043174
66.4,574.4761,970.8,-102.381,93.56, -,9.043174
66.45,563.1725,971.2,-115.8571,93.56, -,9.043174
66.5,563.1725,971.2,-129.381,93.56, -,9.043174
66.55,563.1725,971.2,-140.1905,93.38, -,9.062621
66.6,563.1725,971.2,-129.381,93.38, -,9.062621
66.65,563.1725,971.2,-99.66666,93.38, -,9.062621
66.7,563.1725,971.2,-110.4762,93.38, -,9.062621
66.75,571.649,970.9,-88.90476,93.38, -,9.062621
66.8,574.4761,970.8,-70,93.38, -,9.062621
66.85,563.1725,971.2,-78.04762,93.38, -,9.062621
66.9,560.3481,971.3,-72.61905,93.38, -,9.062621
66.95,571.649,970.9,-51.09524,93.38, -,9.062621
67,557.5222,971.4,-59.19048,93.38, -,9.062621
67.05,543.4013,971.9,-69.90476,93.38, -,9.062621
67.1,537.756,972.1,-69.90476,93.38, -,9.062621
67.15,537.756,972.1,-69.90476,93.38, -,9.062621
67.2,537.756,972.1,-69.90476,93.38, -,9.062621
67.25,540.5786,972,-75.33334,93.38, -,9.062621
67.3,537.756,972.1,-80.71429,93.38, -,9.062621
67.35,543.4013,971.9,-64.57143,93.38, -,9.062621
67.4,565.999,971.1,-21.47619,93.38, -,9.062621
67.45,568.8239,971,-5.333333,93.38, -,9.062621
67.5,557.5222,971.4,-5.333333,93.38, -,9.062621
67.55,546.2261,971.8,-16.09524,93.38, -,9.062621
67.6,537.756,972.1,-24.14286,93.38, -,9.062621
67.65,526.4647,972.5,-34.90476,93.38, -,9.062621
67.7,517.9996,972.8,-42.95238,93.38, -,9.062621
67.75,515.1772,972.9,-45.61905,93.38, -,9.062621
67.8,506.7148,973.2,-61.76191,93.38, -,9.062621
67.85,506.7148,973.2,-64.47619,93.38, -,9.062621
67.9,506.7148,973.2,-53.71429,93.38, -,9.062621
67.95,506.7148,973.2,-51.04762,93.38, -,9.062621
68,501.0739,973.4,-67.19048,93.38, -,9.062621
68.05,503.8951,973.3,-51.04762,93.38, -,9.062621
68.1,512.3568,973,-29.57143,93.38, -,9.062621
68.15,515.1772,972.9,-21.52381,93.38, -,9.062621
68.2,512.3568,973,-24.19048,93.38, -,9.062621
68.25,501.0739,973.4,-34.95238,93.38, -,9.062621
68.3,486.9765,973.9,-51.04762,93.38, -,9.062621
68.35,481.3405,974.1,-53.76191,93.38, -,9.062621
68.4,475.7038,974.3,-64.52381,93.38, -,9.062621
68.45,470.068,974.5,-91.42857,93.38, -,9.062621
68.5,461.617,974.8,-102.1429,93.38, -,9.062621
68.55,458.7993,974.9,-94.04762,93.38, -,9.062621
68.6,467.2513,974.6,-75.2381,93.38, -,9.062621
68.65,486.9765,973.9,-48.38095,93.38, -,9.062621
68.7,498.2546,973.5,-26.85714,93.38, -,9.062621
68.75,498.2546,973.5,-18.80952,93.38, -,9.062621
68.8,484.1584,974,-29.57143,93.38, -,9.062621
68.85,458.7993,974.9,-45.66667,93.38, -,9.062621
68.9,447.5359,975.3,-56.38095,93.38, -,9.062621
68.95,453.168,975.1,-51,93.38, -,9.062621
69,453.168,975.1,-51,93.38, -,9.062621
69.05,450.351,975.2,-48.28571,93.38, -,9.062621
69.1,439.0905,975.6,-61.66667,93.38, -,9.062621
69.15,430.6454,975.9,-77.7619,93.38, -,9.062621
69.2,425.0188,976.1,-85.80952,93.38, -,9.062621
69.25,425.0188,976.1,-83.14286,93.38, -,9.062621
69.3,422.2042,976.2,-75.04762,93.38, -,9.062621
69.35,419.3915,976.3,-64.28571,93.38, -,9.062621
69.4,416.5773,976.4,-61.57143,93.38, -,9.062621
69.45,413.765,976.5,-58.85714,93.38, -,9.062621
69.5,413.765,976.5,-53.47619,93.38, -,9.062621
69.55,410.953,976.6,-48.09524,93.38, -,9.062621
69.6,408.1395,976.7,-48.09524,93.38, -,9.062621
69.65,405.328,976.8,-58.80952,93.38, -,9.062621
69.7,405.328,976.8,-77.61905,93.38, -,9.062621
69.75,402.515,976.9,-91.04762,93.38, -,9.062621
69.8,402.515,976.9,-91.04762,93.38, -,9.062621
69.85,402.515,976.9,-77.61905,93.38, -,9.062621
69.9,399.7039,977,-56.14286,93.38, -,9.062621
69.95,396.893,977.1,-48.09524,93.38, -,9.062621
70,394.0807,977.2,-56.14286,93.38, -,9.062621
70.05,394.0807,977.2,-56.14286,93.38, -,9.062621
70.1,391.2703,977.3,-56.14286,93.38, -,9.062621
70.15,391.2703,977.3,-45.42857,93.38, -,9.062621
70.2,391.2703,977.3,-37.38095,93.38, -,9.062621
70.25,391.2703,977.3,-32,93.38, -,9.062621
70.3,388.4584,977.4,-34.66667,93.38, -,9.062621
70.35,388.4584,977.4,-32,93.38, -,9.062621
70.4,385.6485,977.5,-32,93.38, -,9.062621
70.45,385.6485,977.5,-29.33333,93.38, -,9.062621
70.5,385.6485,977.5,-26.66667,93.38, -,9.062621
70.55,385.6485,977.5,-26.66667,93.38, -,9.062621
70.6,382.8388,977.6,-26.66667,93.38, -,9.062621
70.65,382.8388,977.6,-24,93.38, -,9.062621
70.7,382.8388,977.6,-21.33333,93.38, -,9.062621
70.75,385.6485,977.5,-18.66667,93.38, -,9.062621
70.8,382.8388,977.6,-18.66667,93.38, -,9.062621
70.85,382.8388,977.6,-18.66667,93.38, -,9.062621
70.9,380.0277,977.7,-21.33333,93.38, -,9.062621
70.95,380.0277,977.7,-18.66667,93.38, -,9.062621
71,377.2185,977.8,-18.66667,93.38, -,9.062621
71.05,377.2185,977.8,-16,93.38, -,9.062621
71.1,374.4078,977.9,-18.66667,93.38, -,9.062621
71.15,371.599,978,-18.66667,93.38, -,9.062621
71.2,371.599,978,-18.66667,93.38, -,9.062621
71.25,371.599,978,-18.66667,93.38, -,9.062621
71.3,368.7905,978.1,-21.33333,93.38, -,9.062621
71.35,368.7905,978.1,-18.66667,93.38, -,9.062621
71.4,365.9805,978.2,-21.33333,93.38, -,9.062621
71.45,363.1724,978.3,-21.33333,93.38, -,9.062621
71.5,363.1724,978.3,-21.33333,93.38, -,9.062621
71.55,360.3629,978.4,-24,93.38, -,9.062621
71.6,357.5553,978.5,-26.66667,93.38, -,9.062621
71.65,357.5553,978.5,-24,93.38, -,9.062621
71.7,357.5553,978.5,-24,93.38, -,9.062621
71.75,357.5553,978.5,-24,93.38, -,9.062621
71.8,354.748,978.6,-29.33333,93.38, -,9.062621
71.85,357.5553,978.5,-24,93.38, -,9.062621
71.9,357.5553,978.5,-24,93.38, -,9.062621
71.95,360.3629,978.4,-18.66667,93.38, -,9.062621
72,360.3629,978.4,-18.66667,93.38, -,9.062621
72.05,360.3629,978.4,-16,93.38, -,9.062621
72.1,357.5553,978.5,-18.66667,93.38, -,9.062621
72.15,357.5553,978.5,-16,93.38, -,9.062621
72.2,354.748,978.6,-16,93.38, -,9.062621
72.25,354.748,978.6,-16,93.38, -,9.062621
72.3,351.9391,978.7,-18.66667,93.38, -,9.062621
72.35,351.9391,978.7,-16,93.38, -,9.062621
72.4,351.9391,978.7,-16,93.38, -,9.062621
72.45,349.1322,978.8,-16,93.38, -,9.062621
72.5,346.3239,978.9,-16,93.38, -,9.062621
72.55,346.3239,978.9,-16,93.38, -,9.062621
72.6,346.3239,978.9,-13.33333,93.38, -,9.062621
72.65,343.5174,979,-13.33333,93.38, -,9.062621
72.7,343.5174,979,-13.33333,93.38, -,9.062621
72.75,340.7112,979.1,-16,93.38, -,9.062621
72.8,337.9035,979.2,-18.66667,93.38, -,9.062621
72.85,337.9035,979.2,-16,93.38, -,9.062621
72.9,337.9035,979.2,-18.66667,93.38, -,9.062621
72.95,337.9035,979.2,-18.66667,93.38, -,9.062621
73,337.9035,979.2,-21.33333,93.38, -,9.062621
73.05,335.0978,979.3,-24,93.38, -,9.062621
73.1,335.0978,979.3,-24,93.38, -,9.062621
73.15,332.2906,979.4,-24,93.38, -,9.062621
73.2,332.2906,979.4,-24,93.38, -,9.062621
73.25,332.2906,979.4,-21.33333,93.38, -,9.062621
73.3,329.4853,979.5,-24,93.38, -,9.062621
73.35,329.4853,979.5,-21.33333,93.38, -,9.062621
73.4,326.6803,979.6,-24,93.38, -,9.062621
73.45,326.6803,979.6,-24,93.38, -,9.062621
73.5,326.6803,979.6,-21.33333,93.38, -,9.062621
73.55,326.6803,979.6,-18.66667,93.38, -,9.062621
73.6,323.8738,979.7,-21.33333,93.38, -,9.062621
73.65,323.8738,979.7,-21.33333,93.38, -,9.062621
73.7,323.8738,979.7,-18.66667,93.38, -,9.062621
73.75,323.8738,979.7,-18.66667,93.38, -,9.062621
73.8,321.0692,979.8,-18.66667,93.38, -,9.062621
73.85,321.0692,979.8,-16,93.38, -,9.062621
73.9,321.0692,979.8,-16,93.38, -,9.062621
73.95,321.0692,979.8,-16,93.38, -,9.062621
74,321.0692,979.8,-16,93.38, -,9.062621
74.05,318.2632,979.9,-18.66667,93.38, -,9.062621
74.1,318.2632,979.9,-16,93.38, -,9.062621
74.15,318.2632,979.9,-16,93.38, -,9.062621
74.2,315.459,980,-16,93.38, -,9.062621
74.25,315.459,980,-16,93.38, -,9.062621
74.3,312.6552,980.1,-18.66667,93.38, -,9.062621
74.35,312.6552,980.1,-16,93.38, -,9.062621
74.4,312.6552,980.1,-16,93.38, -,9.062621
74.45,312.6552,980.1,-13.33333,93.38, -,9.062621
74.5,309.8498,980.2,-16,93.38, -,9.062621
74.55,309.8498,980.2,-16,93.38, -,9.062621
74.6,309.8498,980.2,-16,93.38, -,9.062621
74.65,309.8498,980.2,-13.33333,93.38, -,9.062621
74.7,309.8498,980.2,-13.33333,93.38, -,9.062621
74.75,309.8498,980.2,-13.33333,93.38, -,9.062621
74.8,307.0464,980.3,-16,93.38, -,9.062621
74.85,307.0464,980.3,-13.33333,93.38, -,9.062621
74.9,307.0464,980.3,-13.33333,93.38, -,9.062621
74.95,304.2415,980.4,-16,93.38, -,9.062621
75,301.4385,980.5,-18.66667,93.38, -,9.062621
75.05,301.4385,980.5,-18.66667,93.38, -,9.062621
75.1,298.6358,980.6,-18.66667,93.38, -,9.062621
75.15,298.6358,980.6,-18.66667,93.38, -,9.062621
75.2,295.8316,980.7,-21.33333,93.38, -,9.062621
75.25,295.8316,980.7,-18.66667,93.38, -,9.062621
75.3,293.0294,980.8,-21.33333,93.38, -,9.062621
75.35,290.2256,980.9,-21.33333,93.38, -,9.062621
75.4,290.2256,980.9,-21.33333,93.38, -,9.062621
75.45,287.4238,981,-24,93.38, -,9.062621
75.5,287.4238,981,-24,93.38, -,9.082069
75.55,287.4238,981,-21.33333,93.38, -,9.082069
75.6,284.6223,981.1,-24,93.38, -,9.082069
75.65,284.6223,981.1,-24,93.38, -,9.082069
75.7,281.8192,981.2,-26.66667,93.38, -,9.082069
75.75,281.8192,981.2,-26.66667,93.38, -,9.082069
75.8,279.0181,981.3,-29.33333,93.38, -,9.082069
75.85,279.0181,981.3,-26.66667,93.38, -,9.082069
75.9,281.8192,981.2,-24,93.38, -,9.082069
75.95,279.0181,981.3,-26.66667,93.38, -,9.082069
76,279.0181,981.3,-24,93.38, -,9.082069
76.05,276.2155,981.4,-24,93.38, -,9.082069
76.1,276.2155,981.4,-24,93.38, -,9.082069
76.15,276.2155,981.4,-21.33333,93.38, -,9.082069
76.2,276.2155,981.4,-21.33333,93.38, -,9.082069
76.25,273.4149,981.5,-21.33333,93.38, -,9.082069
76.3,273.4149,981.5,-21.33333,93.38, -,9.082069
76.35,267.8126,981.7,-24,93.38, -,9.082069
76.4,267.8126,981.7,-21.33333,93.38, -,9.082069
76.45,267.8126,981.7,-21.33333,93.38, -,9.082069
76.5,265.0127,981.8,-21.33333,93.38, -,9.082069
76.55,265.0127,981.8,-21.33333,93.38, -,9.062621
76.6,262.2112,981.9,-24,93.38, -,9.062621
76.65,262.2112,981.9,-21.33333,93.38, -,9.062621
76.7,259.4118,982,-24,93.38, -,9.062621
76.75,259.4118,982,-21.33333,93.38, -,9.062621
76.8,259.4118,982,-21.33333,93.38, -,9.062621
76.85,256.6125,982.1,-21.33333,93.38, -,9.062621
76.9,256.6125,982.1,-21.33333,93.38, -,9.062621
76.95,256.6125,982.1,-24,93.38, -,9.062621
77,253.8118,982.2,-24,93.38, -,9.062621
77.05,253.8118,982.2,-24,93.38, -,9.062621
77.1,253.8118,982.2,-21.33333,93.38, -,9.062621
77.15,251.013,982.3,-24,93.38, -,9.062621
77.2,251.013,982.3,-24,93.38, -,9.062621
77.25,248.2127,982.4,-26.66667,93.38, -,9.062621
77.3,248.2127,982.4,-24,93.38, -,9.062621
77.35,245.4144,982.5,-26.66667,93.38, -,9.062621
77.4,245.4144,982.5,-21.33333,93.38, -,9.062621
77.45,245.4144,982.5,-21.33333,93.38, -,9.062621
77.5,245.4144,982.5,-21.33333,93.38, -,9.062621
77.55,242.6163,982.6,-21.33333,93.38, -,9.062621
77.6,239.8167,982.7,-24,93.38, -,9.062621
77.65,239.8167,982.7,-21.33333,93.38, -,9.062621
77.7,237.0191,982.8,-24,93.38, -,9.062621
77.75,237.0191,982.8,-21.33333,93.38, -,9.062621
77.8,237.0191,982.8,-21.33333,93.38, -,9.062621
77.85,234.22,982.9,-24,93.38, -,9.062621
77.9,231.4228,983,-24,93.38, -,9.062621
77.95,231.4228,983,-24,93.38, -,9.062621
78,231.4228,983,-24,93.38, -,9.062621
78.05,228.6258,983.1,-24,93.38, -,9.062621
78.1,225.8274,983.2,-26.66667,93.38, -,9.062621
78.15,228.6258,983.1,-24,93.38, -,9.062621
78.2,225.8274,983.2,-24,93.38, -,9.062621
78.25,223.0309,983.3,-26.66667,93.38, -,9.062621
78.3,223.0309,983.3,-24,93.38, -,9.062621
78.35,223.0309,983.3,-24,93.38, -,9.062621
78.4,220.233,983.4,-24,93.38, -,9.062621
78.45,220.233,983.4,-24,93.38, -,9.062621
78.5,223.0309,983.3,-21.33333,93.38, -,9.062621
78.55,220.233,983.4,-24,93.38, -,9.062621
78.6,217.4369,983.5,-24,93.38, -,9.062621
78.65,217.4369,983.5,-21.33333,93.38, -,9.062621
78.7,217.4369,983.5,-21.33333,93.38, -,9.062621
78.75,214.6411,983.6,-21.33333,93.38, -,9.062621
78.8,214.6411,983.6,-21.33333,93.38, -,9.062621
78.85,214.6411,983.6,-21.33333,93.38, -,9.062621
78.9,214.6411,983.6,-18.66667,93.38, -,9.062621
78.95,211.8439,983.7,-18.66667,93.38, -,9.062621
79,211.8439,983.7,-18.66667,93.38, -,9.062621
79.05,211.8439,983.7,-18.66667,93.38, -,9.062621
79.1,211.8439,983.7,-16,93.38, -,9.062621
79.15,211.8439,983.7,-13.33333,93.38, -,9.062621
79.2,209.0485,983.8,-18.66667,93.38, -,9.062621
79.25,209.0485,983.8,-16,93.38, -,9.062621
79.3,209.0485,983.8,-13.33333,93.38, -,9.062621
79.35,206.2517,983.9,-16,93.38, -,9.062621
79.4,206.2517,983.9,-16,93.38, -,9.062621
79.45,206.2517,983.9,-13.33333,93.38, -,9.062621
79.5,206.2517,983.9,-13.33333,93.38, -,9.062621
79.55,203.4568,984,-18.66667,93.38, -,9.062621
79.6,203.4568,984,-16,93.38, -,9.062621
79.65,200.6622,984.1,-16,93.38, -,9.062621
79.7,200.6622,984.1,-16,93.38, -,9.062621
79.75,200.6622,984.1,-16,93.38, -,9.062621
79.8,197.8661,984.2,-16,93.38, -,9.062621
79.85,197.8661,984.2,-16,93.38, -,9.062621
79.9,195.0719,984.3,-18.66667,93.38, -,9.062621
79.95,195.0719,984.3,-18.66667,93.38, -,9.062621
80,195.0719,984.3,-16,93.38, -,9.062621
80.05,192.2762,984.4,-18.66667,93.38, -,9.062621
80.1,189.4825,984.5,-21.33333,93.38, -,9.062621
80.15,189.4825,984.5,-21.33333,93.38, -,9.062621
80.2,186.689,984.6,-24,93.38, -,9.062621
80.25,186.689,984.6,-21.33333,93.38, -,9.062621
80.3,183.894,984.7,-24,93.38, -,9.062621
80.35,183.894,984.7,-24,93.38, -,9.062621
80.4,183.894,984.7,-21.33333,93.38, -,9.062621
80.45,181.101,984.8,-24,93.38, -,9.062621
80.5,181.101,984.8,-24,93.38, -,9.062621
80.55,178.3065,984.9,-26.66667,93.38, -,9.062621
80.6,178.3065,984.9,-24,93.38, -,9.062621
80.65,178.3065,984.9,-24,93.38, -,9.062621
80.7,175.5139,985,-24,93.38, -,9.062621
80.75,175.5139,985,-24,93.38, -,9.062621
80.8,172.7216,985.1,-26.66667,93.38, -,9.062621
80.85,172.7216,985.1,-24,93.38, -,9.062621
80.9,172.7216,985.1,-24,93.38, -,9.062621
80.95,172.7216,985.1,-21.33333,93.38, -,9.062621
81,169.9277,985.2,-24,93.38, -,9.062621
81.05,169.9277,985.2,-24,93.38, -,9.062621
81.1,167.1358,985.3,-24,93.38, -,9.062621
81.15,167.1358,985.3,-21.33333,93.38, -,9.062621
81.2,164.3425,985.4,-24,93.38, -,9.062621
81.25,164.3425,985.4,-21.33333,93.38, -,9.062621
81.3,164.3425,985.4,-21.33333,93.38, -,9.062621
81.35,164.3425,985.4,-18.66667,93.38, -,9.062621
81.4,161.551,985.5,-21.33333,93.38, -,9.062621
81.45,161.551,985.5,-21.33333,93.38, -,9.062621
81.5,158.7598,985.6,-21.33333,93.38, -,9.062621
81.55,158.7598,985.6,-21.33333,93.38, -,9.062621
81.6,158.7598,985.6,-18.66667,93.38, -,9.062621
81.65,158.7598,985.6,-18.66667,93.38, -,9.062621
81.7,155.9672,985.7,-21.33333,93.38, -,9.062621
81.75,155.9672,985.7,-18.66667,93.38, -,9.062621
81.8,155.9672,985.7,-18.66667,93.38, -,9.062621
81.85,153.1764,985.8,-18.66667,93.38, -,9.062621
81.9,150.3842,985.9,-21.33333,93.38, -,9.062621
81.95,150.3842,985.9,-21.33333,93.38, -,9.062621
82,147.5939,986,-24,93.38, -,9.062621
82.05,147.5939,986,-21.33333,93.38, -,9.062621
82.1,144.8039,986.1,-24,93.38, -,9.062621
82.15,144.8039,986.1,-21.33333,93.38, -,9.062621
82.2,142.0123,986.2,-24,93.38, -,9.062621
82.25,142.0123,986.2,-21.33333,93.38, -,9.062621
82.3,142.0123,986.2,-21.33333,93.38, -,9.062621
82.35,142.0123,986.2,-21.33333,93.38, -,9.062621
82.4,142.0123,986.2,-21.33333,93.38, -,9.062621
82.45,139.2227,986.3,-21.33333,93.38, -,9.062621
82.5,142.0123,986.2,-18.66667,93.38, -,9.062621
82.55,142.0123,986.2,-16,93.38, -,9.062621
82.6,142.0123,986.2,-16,93.38, -,9.062621
82.65,142.0123,986.2,-16,93.38, -,9.062621
82.7,139.2227,986.3,-18.66667,93.38, -,9.062621
82.75,136.4317,986.4,-18.66667,93.38, -,9.062621
82.8,136.4317,986.4,-18.66667,93.38, -,9.062621
82.85,136.4317,986.4,-18.66667,93.38, -,9.062621
82.9,133.6425,986.5,-18.66667,93.38, -,9.062621
82.95,133.6425,986.5,-16,93.38, -,9.062621
83,130.8536,986.6,-18.66667,93.38, -,9.062621
83.05,130.8536,986.6,-16,93.38, -,9.062621
83.1,128.0632,986.7,-18.66667,93.38, -,9.062621
83.15,128.0632,986.7,-16,93.38, -,9.062621
83.2,128.0632,986.7,-16,93.38, -,9.062621
83.25,125.2748,986.8,-16,93.38, -,9.062621
83.3,122.4849,986.9,-18.66667,93.38, -,9.062621
83.35,119.6969,987,-21.33333,93.38, -,9.062621
83.4,119.6969,987,-21.33333,93.38, -,9.062621
83.45,119.6969,987,-21.33333,93.38, -,9.062621
83.5,116.9091,987.1,-21.33333,93.38, -,9.082069
83.55,114.1199,987.2,-26.66667,93.38, -,9.082069
83.6,114.1199,987.2,-26.66667,93.38, -,9.082069
83.65,114.1199,987.2,-26.66667,93.38, -,9.082069
83.7,114.1199,987.2,-26.66667,93.38, -,9.082069
83.75,111.3326,987.3,-26.66667,93.38, -,9.082069
83.8,111.3326,987.3,-24,93.38, -,9.082069
83.85,111.3326,987.3,-24,93.38, -,9.082069
83.9,108.5438,987.4,-26.66667,93.38, -,9.082069
83.95,108.5438,987.4,-24,93.38, -,9.082069
84,108.5438,987.4,-24,93.38, -,9.082069
84.05,108.5438,987.4,-21.33333,93.38, -,9.082069
84.1,105.7569,987.5,-24,93.38, -,9.082069
84.15,105.7569,987.5,-21.33333,93.38, -,9.082069
84.2,105.7569,987.5,-21.33333,93.38, -,9.082069
84.25,105.7569,987.5,-21.33333,93.38, -,9.082069
84.3,105.7569,987.5,-18.66667,93.38, -,9.082069
84.35,105.7569,987.5,-16,93.38, -,9.082069
84.4,102.9703,987.6,-16,93.38, -,9.082069
84.45,102.9703,987.6,-16,93.38, -,9.082069
84.5,100.1822,987.7,-18.66667,93.38, -,9.082069
84.55,100.1822,987.7,-16,93.38, -,9.062621
84.6,97.39603,987.8,-16,93.38, -,9.062621
84.65,97.39603,987.8,-16,93.38, -,9.062621
84.7,94.6084,987.9,-18.66667,93.38, -,9.062621
84.75,97.39603,987.8,-16,93.38, -,9.062621
84.8,94.6084,987.9,-16,93.38, -,9.062621
84.85,91.82269,988,-18.66667,93.38, -,9.062621
84.9,91.82269,988,-18.66667,93.38, -,9.062621
84.95,91.82269,988,-16,93.38, -,9.062621
85,91.82269,988,-16,93.38, -,9.062621
85.05,89.03721,988.1,-18.66667,93.38, -,9.062621
85.1,89.03721,988.1,-18.66667,93.38, -,9.062621
85.15,86.25025,988.2,-18.66667,93.38, -,9.062621
85.2,86.25025,988.2,-18.66667,93.38, -,9.062621
85.25,86.25025,988.2,-18.66667,93.38, -,9.062621
85.3,83.46523,988.3,-21.33333,93.38, -,9.062621
85.35,83.46523,988.3,-21.33333,93.38, -,9.062621
85.4,83.46523,988.3,-21.33333,93.38, -,9.062621
85.45,83.46523,988.3,-18.66667,93.38, -,9.062621
85.5,83.46523,988.3,-18.66667,93.38, -,9.062621
85.55,80.67873,988.4,-18.66667,93.38, -,9.062621
85.6,80.67873,988.4,-18.66667,93.38, -,9.062621
85.65,77.89417,988.5,-18.66667,93.38, -,9.062621
85.7,77.89417,988.5,-18.66667,93.38, -,9.062621
85.75,75.10983,988.6,-18.66667,93.38, -,9.062621
85.8,75.10983,988.6,-21.33333,93.38, -,9.062621
85.85,72.32401,988.7,-21.33333,93.38, -,9.062621
85.9,72.32401,988.7,-18.66667,93.38, -,9.062621
85.95,72.32401,988.7,-18.66667,93.38, -,9.062621
86,69.54012,988.8,-21.33333,93.38, -,9.062621
86.05,69.54012,988.8,-21.33333,93.38, -,9.062621
86.1,69.54012,988.8,-18.66667,93.38, -,9.062621
86.15,66.75477,988.9,-21.33333,93.38, -,9.062621
86.2,63.97134,989,-21.33333,93.38, -,9.062621
86.25,63.97134,989,-21.33333,93.38, -,9.062621
86.3,63.97134,989,-21.33333,93.38, -,9.062621
86.35,61.18814,989.1,-21.33333,93.38, -,9.062621
86.4,61.18814,989.1,-21.33333,93.38, -,9.062621
86.45,58.40347,989.2,-24,93.38, -,9.062621
86.5,58.40347,989.2,-24,93.38, -,9.062621
86.55,55.62072,989.3,-26.66667,93.38, -,9.062621
86.6,52.83651,989.4,-26.66667,93.38, -,9.062621
86.65,50.05422,989.5,-29.33333,93.38, -,9.062621
86.7,50.05422,989.5,-26.66667,93.38, -,9.062621
86.75,47.27216,989.6,-29.33333,93.38, -,9.062621
86.8,44.48862,989.7,-29.33333,93.38, -,9.062621
86.85,44.48862,989.7,-29.33333,93.38, -,9.062621
86.9,41.70702,989.8,-29.33333,93.38, -,9.062621
86.95,41.70702,989.8,-29.33333,93.38, -,9.062621
87,41.70702,989.8,-29.33333,93.38, -,9.062621
87.05,41.70702,989.8,-26.66667,93.38, -,9.062621
87.1,38.92394,989.9,-29.33333,93.38, -,9.062621
87.15,38.92394,989.9,-29.33333,93.38, -,9.062621
87.2,36.14279,990,-29.33333,93.38, -,9.062621
87.25,38.92394,989.9,-24,93.38, -,9.062621
87.3,36.14279,990,-26.66667,93.38, -,9.062621
87.35,36.14279,990,-26.66667,93.38, -,9.062621
87.4,33.36187,990.1,-26.66667,93.38, -,9.062621
87.45,33.36187,990.1,-26.66667,93.38, -,9.062621
87.5,33.36187,990.1,-24,93.38, -,9.082069
87.55,27.799,990.3,-29.28572,93.38, -,9.082069
87.6,27.799,990.3,-26.61905,93.38, -,9.082069
87.65,27.799,990.3,-23.95238,93.38, -,9.082069
87.7,27.799,990.3,-21.28572,93.38, -,9.082069
87.75,27.799,990.3,-21.28572,93.38, -,9.082069
87.8,25.01706,990.4,-21.28572,93.38, -,9.082069
87.85,22.23705,990.5,-21.28572,93.38, -,9.082069
87.9,22.23705,990.5,-21.28572,93.38, -,9.082069
87.95,22.23705,990.5,-18.61905,93.38, -,9.082069
88,19.45726,990.6,-21.28572,93.38, -,9.082069
88.05,16.676,990.7,-23.95238,93.38, -,9.082069
88.1,16.676,990.7,-23.95238,93.38, -,9.082069
88.15,16.676,990.7,-21.28572,93.38, -,9.082069
88.2,13.89667,990.8,-23.95238,93.38, -,9.082069
88.25,13.89667,990.8,-21.28572,93.38, -,9.082069
88.3,13.89667,990.8,-23.95238,93.38, -,9.082069
88.35,11.11587,990.9,-23.95238,93.38, -,9.082069
88.4,11.11587,990.9,-23.95238,93.38, -,9.082069
88.45,11.11587,990.9,-21.28572,93.38, -,9.082069
88.5,11.11587,990.9,-21.28572,93.38, -,9.082069
88.55,8.33699,991,-23.95238,93.38, -,9.062621
88.6,8.33699,991,-18.66667,93.38, -,9.062621
88.65,8.33699,991,-18.66667,93.38, -,9.062621
88.7,5.558338,991.1,-21.33333,93.38, -,9.062621
88.75,5.558338,991.1,-21.33333,93.38, -,9.062621
88.8,2.778217,991.2,-24,93.38, -,9.062621
88.85,1.94E-05,991.3,-24,93.38, -,9.062621
88.9,1.94E-05,991.3,-21.33333,93.38, -,9.062621
88.95,1.94E-05,991.3,-21.33333,93.38, -,9.062621
89,-2.779647,991.4,-24,93.38, -,9.062621
89.05,-2.779647,991.4,-21.33333,93.38, -,9.062621
89.1,-2.779647,991.4,-18.66667,93.38, -,9.062621
89.15,-5.557391,991.5,-21.33333,93.38, -,9.062621
89.2,-5.557391,991.5,-21.33333,93.38, -,9.062621
89.25,-8.334908,991.6,-21.33333,93.38, -,9.062621
89.3,-8.334908,991.6,-21.33333,93.38, -,9.062621
89.35,-8.334908,991.6,-21.33333,93.38, -,9.062621
89.4,-8.334908,991.6,-18.66667,93.38, -,9.062621
89.45,-8.334908,991.6,-18.66667,93.38, -,9.062621
89.5,-11.11389,991.7,-21.33333,93.38, -,9.062621
89.55,-13.89096,991.8,-24,93.38, -,9.062621
89.6,-13.89096,991.8,-21.33333,93.38, -,9.062621
89.65,-13.89096,991.8,-21.33333,93.38, -,9.062621
89.7,-13.89096,991.8,-21.33333,93.38, -,9.062621
89.75,-13.89096,991.8,-18.66667,93.38, -,9.062621
89.8,-16.66949,991.9,-21.33333,93.38, -,9.062621
89.85,-16.66949,991.9,-18.66667,93.38, -,9.062621
89.9,-16.66949,991.9,-16,93.38, -,9.062621
89.95,-19.4461,992,-18.66667,93.38, -,9.062621
90,-22.22248,992.1,-21.33333,93.38, -,9.062621
90.05,-22.22248,992.1,-18.66667,93.38, -,9.062621
90.1,-25.00034,992.2,-21.33333,93.38, -,9.062621
90.15,-25.00034,992.2,-21.33333,93.38, -,9.062621
90.2,-27.77627,992.3,-21.33333,93.38, -,9.062621
90.25,-30.55367,992.4,-24,93.38, -,9.062621
90.3,-30.55367,992.4,-21.33333,93.38, -,9.062621
90.35,-33.32914,992.5,-24,93.38, -,9.062621
90.4,-36.10439,992.6,-26.66667,93.38, -,9.062621
90.45,-36.10439,992.6,-26.66667,93.38, -,9.062621
90.5,-36.10439,992.6,-26.66667,93.38, -,9.062621
90.55,-36.10439,992.6,-24,93.38, -,9.062621
90.6,-38.88111,992.7,-24,93.38, -,9.062621
90.65,-38.88111,992.7,-24,93.38, -,9.062621
90.7,-38.88111,992.7,-24,93.38, -,9.062621
90.75,-41.65591,992.8,-26.61905,93.38, -,9.062621
90.8,-41.65591,992.8,-26.61905,93.38, -,9.062621
90.85,-44.43217,992.9,-26.61905,93.38, -,9.062621
90.9,-44.43217,992.9,-26.61905,93.38, -,9.062621
90.95,-44.43217,992.9,-26.61905,93.38, -,9.062621
91,-47.20652,993,-26.57143,93.38, -,9.062621
91.05,-47.20652,993,-23.90476,93.38, -,9.062621
91.1,-49.98064,993.1,-26.52381,93.38, -,9.062621
91.15,-52.75623,993.2,-26.52381,93.38, -,9.062621
91.2,-52.75623,993.2,-26.52381,93.38, -,9.062621
91.25,-52.75623,993.2,-23.85714,93.38, -,9.062621
91.3,-55.5299,993.3,-23.80952,93.38, -,9.062621
91.35,-55.5299,993.3,-23.80952,93.38, -,9.062621
91.4,-55.5299,993.3,-21.14286,93.38, -,9.062621
91.45,-58.30503,993.4,-21.14286,93.38, -,9.062621
91.5,-61.07824,993.5,-23.76191,93.2, -,9.062621
91.55,-61.07824,993.5,-23.76191,93.2, -,9.062621
91.6,-61.07824,993.5,-23.76191,93.2, -,9.062621
91.65,-63.85123,993.6,-23.71428,93.2, -,9.062621
91.7,-63.85123,993.6,-23.71428,93.2, -,9.062621
91.75,-66.62569,993.7,-26.33333,93.2, -,9.062621
91.8,-66.62569,993.7,-23.71428,93.2, -,9.062621
91.85,-66.62569,993.7,-23.71428,93.2, -,9.062621
91.9,-66.62569,993.7,-21.04762,93.2, -,9.062621
91.95,-69.39822,993.8,-23.66667,93.2, -,9.062621
92,-69.39822,993.8,-23.66667,93.2, -,9.062621
92.05,-69.39822,993.8,-21.04762,93.2, -,9.062621
92.1,-69.39822,993.8,-21.04762,93.2, -,9.062621
92.15,-69.39822,993.8,-18.42857,93.2, -,9.062621
92.2,-72.17223,993.9,-18.38095,93.2, -,9.062621
92.25,-72.17223,993.9,-18.38095,93.2, -,9.062621
92.3,-72.17223,993.9,-18.38095,93.2, -,9.062621
92.35,-74.94431,994,-18.38095,93.2, -,9.062621
92.4,-77.71618,994.1,-21,93.2, -,9.062621
92.45,-80.4895,994.2,-23.61905,93.2, -,9.062621
92.5,-83.26091,994.3,-23.57143,93.2, -,9.062621
92.55,-83.26091,994.3,-20.95238,93.2, -,9.043174
92.6,-83.26091,994.3,-20.95238,93.2, -,9.043174
92.65,-86.03378,994.4,-23.57143,93.2, -,9.043174
92.7,-88.80474,994.5,-23.57143,93.2, -,9.043174
92.75,-88.80474,994.5,-23.57143,93.2, -,9.043174
92.8,-88.80474,994.5,-20.95238,93.2, -,9.043174
92.85,-88.80474,994.5,-20.95238,93.2, -,9.043174
92.9,-88.80474,994.5,-20.95238,93.2, -,9.043174
92.95,-91.57547,994.6,-23.57143,93.2, -,9.043174
93,-91.57547,994.6,-20.95238,93.2, -,9.043174
93.05,-88.80474,994.5,-18.33333,93.2, -,9.043174
93.1,-91.57547,994.6,-20.95238,93.2, -,9.043174
93.15,-88.80474,994.5,-18.33333,93.2, -,9.043174
93.2,-88.80474,994.5,-18.33333,93.2, -,9.043174
93.25,-91.57547,994.6,-18.33333,93.2, -,9.043174
93.3,-97.11795,994.8,-23.61905,93.2, -,9.043174
93.35,-97.11795,994.8,-23.61905,93.2, -,9.043174
93.4,-99.88969,994.9,-23.61905,93.2, -,9.043174
93.45,-97.11795,994.8,-18.38095,93.2, -,9.043174
93.5,-97.11795,994.8,-15.7619,93.2, -,9.043174
93.55,-97.11795,994.8,-13.14286,93.2, -,9.043174
93.6,-97.11795,994.8,-13.14286,93.2, -,9.043174
93.65,-97.11795,994.8,-13.14286,93.2, -,9.043174
93.7,-97.11795,994.8,-10.52381,93.2, -,9.043174
93.75,-97.11795,994.8,-7.904762,93.2, -,9.043174
93.8,-97.11795,994.8,-7.904762,93.2, -,9.043174
93.85,-97.11795,994.8,-7.904762,93.2, -,9.043174
93.9,-97.11795,994.8,-7.904762,93.2, -,9.043174
93.95,-97.11795,994.8,-7.904762,93.2, -,9.043174
94,-99.88969,994.9,-7.904762,93.2, -,9.043174
94.05,-97.11795,994.8,-5.285714,93.2, -,9.043174
94.1,-97.11795,994.8,-7.904762,93.2, -,9.043174
94.15,-94.34767,994.7,-2.666667,93.2, -,9.043174
94.2,-97.11795,994.8,-7.904762,93.2, -,9.043174
94.25,-94.34767,994.7,-5.285714,93.2, -,9.043174
94.3,-94.34767,994.7,-2.666667,93.2, -,9.043174
94.35,-94.34767,994.7,2.619048,93.2, -,9.043174
94.4,-97.11795,994.8,0,93.2, -,9.043174
94.45,-94.34767,994.7,5.238095,93.2, -,9.043174
94.5,-94.34767,994.7,2.619048,93.2, -,9.043174
94.55,-97.11795,994.8,0,93.2, -,9.043174
94.6,-97.11795,994.8,0,93.2, -,9.043174
94.65,-97.11795,994.8,0,93.2, -,9.043174
94.7,-97.11795,994.8,0,93.2, -,9.043174
94.75,-97.11795,994.8,0,93.2, -,9.043174
94.8,-97.11795,994.8,0,93.2, -,9.043174
94.85,-97.11795,994.8,0,93.2, -,9.043174
94.9,-97.11795,994.8,0,93.2, -,9.043174
94.95,-94.34767,994.7,2.619048,93.2, -,9.043174
95,-97.11795,994.8,0,93.2, -,9.043174
95.05,-97.11795,994.8,2.619048,93.2, -,9.043174
95.1,-97.11795,994.8,0,93.2, -,9.043174
95.15,-97.11795,994.8,0,93.2, -,9.043174
95.2,-97.11795,994.8,-2.619048,93.2, -,9.043174
95.25,-97.11795,994.8,0,93.2, -,9.043174
95.3,-97.11795,994.8,-2.619048,93.2, -,9.043174
95.35,-94.34767,994.7,0,93.2, -,9.043174
95.4,-97.11795,994.8,-2.619048,93.2, -,9.043174
95.45,-97.11795,994.8,0,93.2, -,9.043174
95.5,-97.11795,994.8,-2.619048, -,,
95.55,-94.34767,994.7,0, -,,
95.6,-97.11795,994.8,0, -,,
95.65,-94.34767,994.7,2.619048, -,,
95.7,-94.34767,994.7,2.619048, -,,
95.75,-94.34767,994.7,2.619048, -,,
95.8,-97.11795,994.8,0, -,,
95.85,-97.11795,994.8,0, -,,
95.9,-97.11795,994.8,0, -,,
95.95,-97.11795,994.8,0, -,,
96,-97.11795,994.8,-2.619048, -,,
96.05,-97.11795,994.8,0, -,,
96.1,-97.11795,994.8,0, -,,
96.15,-97.11795,994.8,0, -,,
